Data Godzina,Numer,Opis,Typ,Miejsce,Status,Kwota Mandatu,Data Zakończenia
2018-02-16 08:38:33,INT-06623/18,Jesionowa-Nyska  (dojazd do osiedla) trzy pojazdy zaparkowane na całej szerokości chodnika utrudniają przejście,NIEPRAWIDŁOWE PARKOWANIE,JESIONOWA /,0,,2018-02-16 11:50:22
2018-02-16 09:10:00,INT-06669/18,kontrola ruchu za B1 z policjantem WRD,BEZPIECZEŃSTWO W KOMUNIKACJI,MOSTY MŁYŃSKIE /,MANDAT,100,2018-02-16 13:05:29
2018-02-16 10:10:00,INT-06662/18,SKRZYZOWANIE Z UL NABYCIŃSKA POJAZDY ZAPARKOWANE NIE PRZY KRAWEDZI JEZDNI,BLOKADA,LEGNICA /,100,,2018-02-16 12:32:13
2018-02-16 10:13:04,INT-06634/18,Pojazdy zaparkowane w strefie zamieszkania poza miejscami wyznaczonymi utrudniają ruch,NIEPRAWIDŁOWE PARKOWANIE,TĘCZOWA 91/,MANDAT,100,2018-02-19 10:22:06
2018-02-16 10:13:04,INT-06634/18,Pojazdy zaparkowane w strefie zamieszkania poza miejscami wyznaczonymi utrudniają ruch,NIEPRAWIDŁOWE PARKOWANIE,TĘCZOWA 91/,MANDAT,0,2018-02-19 10:22:06
2018-02-16 10:22:36,INT-06636/18,"Samochody na trawniku,dziś 20 szt.",NISZCZENIE ZIELENI,ORZECHOWA 53-61/,0,,2018-02-16 13:14:02
2018-02-16 10:55:00,INT-06637/18,Podwale -Łakowa dwa pojazdy zaparkowane na P-21.,NIEPRAWIDŁOWE PARKOWANIE,PODWALE /,0,,2018-02-16 11:13:01
2018-02-16 11:05:00,INT-06692/18,"postój na chodniku brak 1,5 metra",NIEPRAWIDŁOWE PARKOWANIE,JORDANOWSKA /,WEZWANIE,100,2018-02-16 15:00:39
2018-02-16 11:27:35,INT-06645/18,Pojazdy zaparkowane na cełej szerokości chodnika utrudniają przejście,NIEPRAWIDŁOWE PARKOWANIE,WIELKA 53/,300,,2018-02-16 13:08:36
2018-02-16 13:40:23,INT-06676/18,Pawłowa -Piłsudskiego pojazdy zaparkowane na środku jezdni utrudniają ruch,NIEPRAWIDŁOWE PARKOWANIE,PAWŁOWA /,400,,2018-02-16 14:39:24
2018-02-16 13:45:00,INT-06739/18,PARKOWANIE POJAZDU ZA B 36 ,NIEPRAWIDŁOWE PARKOWANIE,PL.SOLNY /,MANDAT,100,2018-02-16 20:17:47
2018-02-16 14:38:20,INT-06691/18,Sernicka-Paczkowska pojazdy zaparkowane na skrzyżowaniu utrudniają ruch,NIEPRAWIDŁOWE PARKOWANIE,SERNICKA /,0,,2018-02-16 15:51:57
2018-02-16 15:55:00,INT-07007/18,HANDEL NA TERENIE PARKU KULTUROWEGO BEZ ZEZWOLENIA,HANDEL,OŁAWSKA /,MANDAT,100,2018-02-19 07:10:10
2018-02-16 17:00:00,INT-07121/18,handel,HANDEL,SKARBOWCÓW /,MANDAT,50,2018-02-19 16:48:53
2018-02-16 17:05:00,INT-07116/18,b 36,NIEPRAWIDŁOWE PARKOWANIE,ZAPOROSKA /,MANDAT,100,2018-02-19 16:25:52
2018-02-16 18:00:00,INT-07008/18,HANDEL NA TERENIE PARKU KULTUROWEGO BEZ ZEZWOLENIA ,HANDEL,OŁAWSKA /,MANDAT,100,2018-02-19 07:13:46
2018-02-16 19:32:00,INT-06735/18,POSTÓJANA TRAWNIKACH - NISZCZENIE ROSLINNOŚCI ,NISZCZENIE ZIELENI,KURONIA /,WEZWANIE,50,2018-02-16 19:38:35
2018-02-16 20:06:58,INT-06737/18,PARKOWANIE POJAZDÓW ZA B-36,NIEPRAWIDŁOWE PARKOWANIE,WŁODKOWICA /,0,,2018-02-17 00:53:35
2018-02-16 20:06:58,INT-06737/18,PARKOWANIE POJAZDÓW ZA B-36,NIEPRAWIDŁOWE PARKOWANIE,WŁODKOWICA /,100,,2018-02-17 00:53:35
2018-02-16 20:37:01,INT-06744/18,postój taxi przy hotelu Wieniawa  zaparkowany  pojazd Citroen Berlingo kol. białego nie uprawniony.,NIEPRAWIDŁOWE PARKOWANIE,GAJOWICKA /,100,,2018-02-16 21:33:12
2018-02-16 20:50:07,INT-06753/18,parkowanie pojazdów nieuprawnionych na postoju taxi ,NIEPRAWIDŁOWE PARKOWANIE,BOGUSŁAWSKIEGO /,OSTRZEŻENIE,0,2018-02-16 23:29:43
2018-02-16 20:50:30,INT-06752/18,Dokładna lokalizacja: ul. Czartoryskiego we Wrocławiu pomiędzy blokiem numer 31-37 a osiedlowym parkiem.,NIEPRAWIDŁOWE PARKOWANIE,CZARTORYSKIEGO 31-37/,OSTRZEŻENIE,0,2018-02-17 00:04:03
2018-02-16 21:30:04,INT-06762/18,zablokowany wyjazd z posesji,Zablokowany wyjazd,KAMIENNA (1) 31-35/,LAWETA,100,2018-02-16 22:14:05
2018-02-17 00:05:00,INT-07013/18,Parkowanie za B36,NIEPRAWIDŁOWE PARKOWANIE,OFIAR OŚWIĘCIMSKICH /,100,,2018-02-19 08:19:30
2018-02-17 09:57:07,INT-06781/18,NA POSTOJU TAXI POJAZD BEZ UPRAWNIEŃ,NIEPRAWIDŁOWE PARKOWANIE,PURKYNIEGO /,100,,2018-02-17 12:04:51
2018-02-17 10:38:09,INT-06784/18,pojazd BMW blokuje wyjazd zgłaszający na miejscu tel. ,Zablokowany wyjazd,TĘCZOWA 91/,100,,2018-02-17 12:05:36
2018-02-17 11:00:19,INT-06788/18,A WIĘZIENNA NIEPRAWIDŁOWO ZAPARKOWANE POJAZDY UTRUDNIAJĄ RUCH KOŁOWY. PRZY BUDYNKU UNIWERSYTERU NA CHODNIKU - BRAK PRZEJŚCIA,NIEPRAWIDŁOWE PARKOWANIE,GRODZKA /,MANDAT,100,2018-02-17 16:12:10
2018-02-17 12:08:13,INT-06797/18,"pojazdy za b-36, na chodniku brak 1,5 m szer. chodnika",NIEPRAWIDŁOWE PARKOWANIE,HALLERA 192/,100,,2018-02-17 12:31:14
2018-02-17 12:30:06,INT-06804/18,"ZABLOKOWANY WYJAZD EWAKUACYJNY Z POLSKIEGO ZWIĄZKU GŁUCHYCH + PARKOWANIE NA CHODNIKU BRAK 1,5M SZER. CHODNIKA ",Zablokowany wyjazd,BRANIBORSKA 2-10/,0,,2018-02-17 13:45:34
2018-02-17 13:06:51,INT-06812/18,"PALENIE OGNUISKA NA TERENIE POSESJI, DUŻE ZADYMIENIE","WYPALANIE, OGNISKO",CZAJKOWSKIEGO 99/,200,,2018-02-17 14:04:18
2018-02-17 15:40:00,INT-06934/18,Handel na terenie Parku Kulturowego,HANDEL,RYNEK 55/,MANDAT,100,2018-02-18 13:07:43
2018-02-17 15:48:23,INT-06838/18,parkowanie pojazdów w miejscach niewyznaczonych w strefie D-40,NIEPRAWIDŁOWE PARKOWANIE,TĘCZOWA 87-89/,100,,2018-02-17 18:31:50
2018-02-17 17:28:04,INT-06859/18,na drodze dojazdowej do osiedla pojazdy za B-36,NIEPRAWIDŁOWE PARKOWANIE,WALOŃSKA /,0,,2018-02-17 23:39:13
2018-02-17 18:18:06,INT-06863/18,parkowanie pojazdów za B-36,NIEPRAWIDŁOWE PARKOWANIE,KRAWIECKA /,0,,2018-02-18 05:12:56
2018-02-17 20:33:34,INT-06878/18,Nieuprawnione pojazdy na Taxi.,NIEPRAWIDŁOWE PARKOWANIE,BOGUSŁAWSKIEGO /,100,,2018-02-17 21:20:58
2018-02-17 21:04:21,INT-06881/18,Przyjaźni-Braterska pojazd Vozilla na przejściu dla pieszych.,NIEPRAWIDŁOWE PARKOWANIE,PRZYJAŹNI /,0,,2018-02-17 22:50:13
2018-02-17 21:04:21,INT-06881/18,Przyjaźni-Braterska pojazd Vozilla na przejściu dla pieszych.,NIEPRAWIDŁOWE PARKOWANIE,PRZYJAŹNI /,300,,2018-02-17 22:50:13
2018-02-17 21:26:32,INT-06882/18,Pojazdy bez uprawnień zaparkowane na postoju Taxi.,NIEPRAWIDŁOWE PARKOWANIE,WŁODKOWICA /,0,,2018-02-17 22:12:42
2018-02-18 01:33:59,INT-06895/18,Parkowanie za B-36.,NIEPRAWIDŁOWE PARKOWANIE,MALARSKA /,0,,2018-02-18 04:46:11
2018-02-18 06:37:30,INT-06898/18,Parkowanie na kopertach ZETO.,NIEPRAWIDŁOWE PARKOWANIE,OFIAR OŚWIĘCIMSKICH 7-13/,100,,2018-02-18 07:09:11
2018-02-18 09:04:45,INT-06903/18,Srebrna Renówka zaparkowana na skwerze zielonym - notorycznie a wokoło są wolne miejsca do parkowania.,NISZCZENIE ZIELENI,GERSONA 13-15/,0,,2018-02-18 09:58:11
2018-02-18 09:25:00,INT-06938/18,plac gołębi zanieczyszczanie miejsca publicznego - oddawanie moczu,ZAKŁÓCANIE ŁADU I PORZĄDKU,RYNEK /,MANDAT,50,2018-02-18 13:35:53
2018-02-18 09:30:06,INT-06906/18,przy Dworcu Świebodzkim na pętli MPK parkuja pojazdy utrudniając ruch.,NIEPRAWIDŁOWE PARKOWANIE,ROBOTNICZA /,100,,2018-02-18 11:33:37
2018-02-18 10:30:37,INT-06909/18,Strefa D-40 - bordowa Toyota poza miejscem wyznaczonym - dwa dni.,NIEPRAWIDŁOWE PARKOWANIE,SOKOLA 51/,0,,2018-02-18 12:48:07
2018-02-18 11:01:44,INT-06915/18,"parkowanie za B-36, utrudnianie wyjazdu z parkingu.",NIEPRAWIDŁOWE PARKOWANIE,BOROWSKA 242/,100,,2018-02-18 13:35:20
2018-02-18 11:12:30,INT-06916/18,w godzinach 10:15 do 11:10 patrol przeprowadził kontrolę handlu w miejscach zabronionych.,HANDEL,ROBOTNICZA /,100,,2018-02-18 11:15:12
2018-02-18 11:17:09,INT-06917/18,wyjazd z posesji blokuje Peugeot.,Zablokowany wyjazd,STANKI 32/,100,,2018-02-18 12:27:33
2018-02-18 12:39:51,INT-06930/18,przy galerii samochody parkują w miejscu zakazów.,NIEPRAWIDŁOWE PARKOWANIE,SUCHA /,0,,2018-02-18 15:51:48
2018-02-18 12:39:51,INT-06930/18,przy galerii samochody parkują w miejscu zakazów.,NIEPRAWIDŁOWE PARKOWANIE,SUCHA /,100,,2018-02-18 15:51:48
2018-02-18 13:15:00,INT-07470/18,HANDEL NA TERENIE PARKU KULTUROWEGO,HANDEL,RYNEK RATUSZ /,MANDAT,100,2018-02-21 13:01:15
2018-02-18 14:57:29,INT-06953/18,"Kamieńskiego 207 - 1 pojazd na kopercie dla inwalidy bez uprawnień , Kamieńskiego 215 - 2 pojazdy na kopercie dla inwalidy.",NIEPRAWIDŁOWE PARKOWANIE,KAMIEŃSKIEGO HENRYKA MICHAŁA 207-215/,100,,2018-02-18 21:53:49
2018-02-18 14:57:29,INT-06953/18,"Kamieńskiego 207 - 1 pojazd na kopercie dla inwalidy bez uprawnień , Kamieńskiego 215 - 2 pojazdy na kopercie dla inwalidy.",NIEPRAWIDŁOWE PARKOWANIE,KAMIEŃSKIEGO HENRYKA MICHAŁA 207-215/,500,,2018-02-18 21:53:49
2018-02-18 16:48:25,INT-06968/18,Naziemny parking przy dworcu PKP koperty dla osób niepełnosprawnych zajęte przez pojazdy nieuprawnione- zgłaszjąca jest inwalidką i zwracała kierowcą że nie prawidłowo parkują została zignorowana ,NIEPRAWIDŁOWE PARKOWANIE,PIŁSUDSKIEGO JÓZEFA 111/,500,,2018-02-18 18:43:37
2018-02-18 16:53:56,INT-06969/18,poj. m-ki Peugeot zablokował wyjazd z podwórka.,Zablokowany wyjazd,PSIE BUDY /,100,,2018-02-18 17:57:10
2018-02-18 16:53:56,INT-06969/18,poj. m-ki Peugeot zablokował wyjazd z podwórka.,Zablokowany wyjazd,PSIE BUDY /,0,,2018-02-18 17:57:10
2018-02-18 18:08:53,INT-06981/18,Za B-36 zaparkowane pojazdy - 9 sztuk.,NIEPRAWIDŁOWE PARKOWANIE,KRAWIECKA /,0,,2018-02-18 23:57:07
2018-02-18 20:10:00,INT-07120/18,b 36,NIEPRAWIDŁOWE PARKOWANIE,HALLERA /,MANDAT,100,2018-02-19 16:43:59
2018-02-18 20:12:53,INT-06995/18,parkowanie pojazdów na zakazie utrudnienie ruchu,NIEPRAWIDŁOWE PARKOWANIE,NYSKA 50/,0,,2018-02-19 00:25:07
2018-02-18 21:40:34,INT-07000/18,parkowanie pojazdów nieuprawnionych na postoju TAXI,NIEPRAWIDŁOWE PARKOWANIE,BERNARDYŃSKA /,100,,2018-02-18 22:39:44
2018-02-18 22:25:00,INT-07068/18,Parkowanie za B36,NIEPRAWIDŁOWE PARKOWANIE,WŁODKOWICA /,0,,2018-02-19 12:11:45
2018-02-18 22:25:00,INT-07068/18,Parkowanie za B36,NIEPRAWIDŁOWE PARKOWANIE,WŁODKOWICA /,100,,2018-02-19 12:11:45
2018-02-18 22:37:08,INT-07002/18,parkowanie w strefie zamieszkania poza miejcsami wyznaczonymi ( od strony płotu ),NIEPRAWIDŁOWE PARKOWANIE,WOJACZKA 5-7/,0,,2018-02-18 23:20:43
2018-02-18 23:20:00,INT-07179/18,Parkowanie za B36,NIEPRAWIDŁOWE PARKOWANIE,KAZIMIERZA WIELKIEGO /,100,,2018-02-20 06:18:22
2018-02-19 07:15:22,INT-07009/18,Postój na kopercie dla osoby niepełnosprawnej bez uprawnień.,NIEPRAWIDŁOWE PARKOWANIE,ŁACIARSKA /,0,,2018-02-19 07:15:25
2018-02-19 07:30:00,INT-07130/18,s 6,BEZPIECZEŃSTWO W KOMUNIKACJI,POWSTAŃCÓW ŚLĄSKICH /,MANDAT,100,2018-02-19 17:21:20
2018-02-19 07:40:00,INT-07126/18,s5,WYKROCZENIA PIESZYCH,POWSTAŃCÓW ŚLĄSKICH /,MANDAT,100,2018-02-19 17:07:10
2018-02-19 07:45:00,INT-07122/18,przechodzenie w miejscu zabronionym,WYKROCZENIA PIESZYCH,POWSTAŃCÓW ŚLĄSKICH /,MANDAT,50,2018-02-19 16:55:05
2018-02-19 08:20:00,INT-07020/18,postoj na jezdni w miejscu obowiązywania znaku B-36,NIEPRAWIDŁOWE PARKOWANIE,GŁÓWNA 62/,MANDAT,100,2018-02-19 09:09:55
2018-02-19 08:44:54,INT-07016/18,"pojazd bez uprawnień na kopercie FENIXU, UTRUDNIENIE W RUCHU. ZGŁASZA OCHRONA09.10 pouczenie dla kierującego pojazdem Toyota ",NIEPRAWIDŁOWE PARKOWANIE,KURZY TARG /,0,,2018-02-19 08:59:27
2018-02-19 08:52:03,INT-07018/18,ogródki działkowe pomiędzy ul. Morwową a cmentarzem   ognisko duze zadymienie ,OGNISKO,BARDZKA /,MANDAT,50,2018-02-19 10:58:19
2018-02-19 09:40:00,INT-07671/18,PARKOWANIE POJAZDU W STREFIE ZAMIESZKANIA W MIEJSCU NIEPRZEZNACZONYM,NIEPRAWIDŁOWE PARKOWANIE,SUKIENNICE 10/,MANDAT,100,2018-02-22 11:55:16
2018-02-19 09:51:17,INT-07030/18,ZABLOKOWANY WYJAZD Z GARAŻU,Zablokowany wyjazd,SMOLUCHOWSKIEGO 32/,WEZWANIE,0,2018-02-19 10:18:33
2018-02-19 10:00:32,INT-07035/18,ARCHIMEDES POJAZDY ZA ZAKAZEM,NIEPRAWIDŁOWE PARKOWANIE,ROBOTNICZA 40/,0,,2018-02-19 13:16:26
2018-02-19 10:08:59,INT-07038/18,POJAZDY ZA ZAKAZEM STR. RUCHU,NIEPRAWIDŁOWE PARKOWANIE,ZAKŁADOWA 11/,100,,2018-02-19 11:29:25
2018-02-19 10:12:58,INT-07039/18,"POJAZDY ZAPARKOWANE NA CHODNIKU, BRAK PRZEJŚCIA",NIEPRAWIDŁOWE PARKOWANIE,WROŃSKIEGO /,MANDAT,300,2018-02-19 12:13:55
2018-02-19 10:21:35,INT-07042/18,POJAZDY ZAPARKOWANE NA CHODNIKU I TRAWNIKU PRZY 1 WJAZD DO SOR,NIEPRAWIDŁOWE PARKOWANIE,KAMIEŃSKIEGO /,WEZWANIE,0,2018-02-19 13:26:55
2018-02-19 10:35:00,INT-07052/18,postój na chodniku nie przy krawedzi jezdni ,NIEPRAWIDŁOWE PARKOWANIE,OWSIANA /,WEZWANIE,0,2018-02-19 11:15:40
2018-02-19 10:54:46,INT-07049/18,"PRZY BUDYNKU GDZIE POCZTA POJAZDY ZA B-36, T-24",NIEPRAWIDŁOWE PARKOWANIE,BRANIBORSKA 47/,100,,2018-02-19 16:44:33
2018-02-19 11:25:00,INT-07004/18,spożywanie alkoholu w miejscu niewyznaczonym ,PORZĄDKOWA,KROMERA 27A/,100,,2018-02-19 20:19:54
2018-02-19 11:36:27,INT-07060/18,parkowanie pojazdów w strefie zamieszkania wmiejscach niewynaczonych  D40 ,NIEPRAWIDŁOWE PARKOWANIE,KACZMARSKIEGO /,OSTRZEŻENIE,0,2018-02-19 17:14:42
2018-02-19 11:55:00,INT-07125/18,handel,HANDEL,SKARBOWCÓW /,MANDAT,50,2018-02-19 17:04:08
2018-02-19 12:20:00,INT-07758/18,pp dla kierującego pojazdem Toyota z art. 92 par.1 (C15),BEZPIECZEŃSTWO W KOMUNIKACJI,SZEWSKA 75/77,POUCZENIE,0,2018-02-22 18:09:09
2018-02-19 12:35:00,INT-07676/18,HANDEL NA TERENIE PARKU KULTUROWEGO BEZ ZEZWOLENIA,HANDEL,OŁAWSKA /,MANDAT,100,2018-03-05 11:49:15
2018-02-19 12:35:00,INT-07124/18,handel,HANDEL,JEMIOŁOWA /,MANDAT,50,2018-02-19 17:00:08
2018-02-19 12:35:00,INT-07127/18,handel,HANDEL,JEMIOŁOWA /,MANDAT,50,2018-02-19 17:14:24
2018-02-19 13:20:00,INT-07087/18,PARKOWANIE POJAZDU ZA B 39,NIEPRAWIDŁOWE PARKOWANIE,RYNEK 45/,MANDAT,100,2018-03-05 11:47:37
2018-02-19 14:35:00,INT-07153/18,Kontrola parkowania za znakiem b36 +t24,NIEPRAWIDŁOWE PARKOWANIE,WITA STWOSZA /,MANDAT,100,2018-02-19 19:35:36
2018-02-19 14:58:58,INT-07099/18,2 POJAZDY ZAPARKOWANE NA PASIE ROZDZIELAJĄCYM JEDNIE,NIEPRAWIDŁOWE PARKOWANIE,GAJOWA 47/,100,,2018-02-19 15:40:32
2018-02-19 15:50:00,INT-07104/18,NIEPRAWIDŁOWE PARKOWANIE ZA D-40,NIEPRAWIDŁOWE PARKOWANIE,MAŁOPOLSKA 36-38/,OSTRZEŻENIE,0,2018-02-19 18:50:25
2018-02-19 17:05:00,INT-07159/18,Spalanie odpadów organicznych w ognisku.PROTOKÓŁ Z KONTROLI ZO.4010.722.2018.JR,OGNISKO,ALEJA RÓŻ 32/,MANDAT,200,2018-02-19 20:06:17
2018-02-19 17:33:35,INT-07135/18,NA MIEJSCACH DLA POJAZDÓW VOZILLA POJAZDY BEZ UPRAWNIEŃ,NIEPRAWIDŁOWE PARKOWANIE,PLAC SOLNY /,0,,2018-02-19 18:10:09
2018-02-19 18:42:04,INT-07147/18,A NYSKA PRZY SIEDZIBIE RADY OSIEDLA NA CHODNIKU POJAZD CIĘŻAROWY,NIEPRAWIDŁOWE PARKOWANIE,HENRYKOWSKA /,0,,2018-02-19 21:58:17
2018-02-19 21:10:00,INT-07166/18,parkowanie za B-36,BLOKADA,KAZIMIERZA WIELKIEGO /,100,,2018-02-19 21:35:02
2018-02-19 21:10:00,INT-07166/18,parkowanie za B-36,BLOKADA,KAZIMIERZA WIELKIEGO /,0,,2018-02-19 21:35:02
2018-02-20 07:16:18,INT-07184/18,Wjazd od ul. Jarzcza pojazdy nieprawidłowo parkujące na chodniku oraz drodze dla rowerów,NIEPRAWIDŁOWE PARKOWANIE,MŁODNICKIEGO ARTURA /,100,,2018-02-20 11:19:22
2018-02-20 08:30:00,INT-07269/18,spożywanie alkoholu w miejscu niewyznaczonym ,PIEC,JEDNOŚCI NARODOWEJ /,MANDAT,100,2018-02-20 13:09:45
2018-02-20 09:29:20,INT-07213/18,"mężczyzna siedzi w samochodzie,spożywa alkohol.samochód ma włączonysilnik , co przeszkadza lokatorom z parteru",PORZĄDKOWA,ŚWIĘTOCHOWSKIEGO 2/,100,,2018-02-20 12:28:25
2018-02-20 09:35:09,INT-07216/18,p0ojazdy nieuprawnione parkują na kopertach dla sędziów,NIEPRAWIDŁOWE PARKOWANIE,ENERGETYCZNA 4/,0,,2018-02-20 10:06:14
2018-02-20 09:50:00,INT-07293/18,zanieczyszczanie jezdni,PORZĄDKOWA,MUCHOBORSKA /,MANDAT,50,2018-02-20 14:48:33
2018-02-20 10:00:00,INT-07595/18,mkk-200 z art. 92 par.1 Wjazd pojazem Peugot za znak B-1,BEZPIECZEŃSTWO W KOMUNIKACJI,RYNEK /,MANDAT,200,2018-02-21 21:32:49
2018-02-20 10:30:00,INT-07242/18,mężczyzna przechodzi przez przejście na czerwonym( działania z Policjantem WRD),WYKROCZENIA PIESZYCH,PLAC LEGIONÓW /,MANDAT,100,2018-02-20 11:44:52
2018-02-20 11:13:34,INT-07235/18,pojazdy parkują za b-36,NIEPRAWIDŁOWE PARKOWANIE,CYBULSKIEGO 35-39/,0,,2018-02-20 13:28:20
2018-02-20 11:13:34,INT-07235/18,pojazdy parkują za b-36,NIEPRAWIDŁOWE PARKOWANIE,CYBULSKIEGO 35-39/,100,,2018-02-20 13:28:20
2018-02-20 11:15:00,INT-07290/18,handel,HANDEL,SKARBOWCÓW /,MANDAT,50,2018-02-20 14:38:23
2018-02-20 11:40:00,INT-08768/18,posto za b-1 oraz b-36 t24,NIEPRAWIDŁOWE PARKOWANIE,WITA STWOSZA /,0,,2018-02-28 16:38:25
2018-02-20 11:50:00,INT-07294/18,spalanie odpadów,PIEC,SZCZYTNICKA 29/4,MANDAT,50,2018-02-20 14:56:56
2018-02-20 12:10:00,INT-07295/18,reklama bez zgody,PLAKATY (REKLAMY),SZCZYTNICKA 38B/,MANDAT,50,2018-02-20 15:03:14
2018-02-20 12:14:37,INT-07251/18,2 pojazdy stoją na pasach wyłączonych z ruchu P-21.,NIEPRAWIDŁOWE PARKOWANIE,POLESKA 9/,0,,2018-02-20 13:24:05
2018-02-20 12:25:00,INT-07292/18,reklama bez zgody,PLAKATY (REKLAMY),SZCZYTNICKA /,MANDAT,50,2018-02-20 14:42:28
2018-02-20 12:50:00,INT-07342/18,"Parkowanie za B-36, brak 1,5 m przejścia dla pieszych, brak 10 m od przejścia dla pieszych",BLOKADA,GWIAŹDZISTA /,50,,2018-02-20 18:40:29
2018-02-20 12:50:00,INT-07342/18,"Parkowanie za B-36, brak 1,5 m przejścia dla pieszych, brak 10 m od przejścia dla pieszych",BLOKADA,GWIAŹDZISTA /,300,,2018-02-20 18:40:29
2018-02-20 12:50:00,INT-07342/18,"Parkowanie za B-36, brak 1,5 m przejścia dla pieszych, brak 10 m od przejścia dla pieszych",BLOKADA,GWIAŹDZISTA /,200,,2018-02-20 18:40:29
2018-02-20 12:50:00,INT-07342/18,"Parkowanie za B-36, brak 1,5 m przejścia dla pieszych, brak 10 m od przejścia dla pieszych",BLOKADA,GWIAŹDZISTA /,100,,2018-02-20 18:40:29
2018-02-20 12:50:00,INT-07342/18,"Parkowanie za B-36, brak 1,5 m przejścia dla pieszych, brak 10 m od przejścia dla pieszych",BLOKADA,GWIAŹDZISTA /,0,,2018-02-20 18:40:29
2018-02-20 15:00:00,INT-07326/18,parkowanie za B-36 i na P-21,BLOKADA,CYBULSKIEGO /,100,,2018-02-20 17:18:18
2018-02-20 15:00:00,INT-07326/18,parkowanie za B-36 i na P-21,BLOKADA,CYBULSKIEGO /,0,,2018-02-20 17:18:18
2018-02-20 15:55:00,INT-07522/18,mk 2 po100,BEZPIECZEŃSTWO W KOMUNIKACJI,MOST MŁYŃSKI /,MANDAT,100,2018-02-21 16:18:53
2018-02-20 16:50:00,INT-07328/18,parkowanie za B-36,BLOKADA,POMORSKA /,100,,2018-02-20 17:20:56
2018-02-20 17:20:29,INT-07329/18,Św. Antoniego a Kazimierza Wielkiego naprzeciw salonu Orange przy pomniku panienki kierowca Kia Sportage wyrwał słupek wjechał za słupki i zaparkował .,NISZCZENIE MIENIA,ŚWIĘTEGO ANTONIEGO /,0,,2018-02-20 17:36:49
2018-02-20 18:19:35,INT-07339/18,Na całej szerokosci chodnika stoi biały bus Citroen.,NIEPRAWIDŁOWE PARKOWANIE,POSTĘPOWA 89/,OSTRZEŻENIE,0,2018-02-20 23:08:25
2018-02-20 18:43:54,INT-07345/18,"Parkowanie za B-36, brak 10 m od skrzyżowania, nie przy krawędzi jezdni, brak 1,5 m przejścia dla pieszych",BLOKADA,SWOBODNA /,100,,2018-02-20 18:49:35
2018-02-20 18:43:54,INT-07345/18,"Parkowanie za B-36, brak 10 m od skrzyżowania, nie przy krawędzi jezdni, brak 1,5 m przejścia dla pieszych",BLOKADA,SWOBODNA /,300,,2018-02-20 18:49:35
2018-02-20 18:43:54,INT-07345/18,"Parkowanie za B-36, brak 10 m od skrzyżowania, nie przy krawędzi jezdni, brak 1,5 m przejścia dla pieszych",BLOKADA,SWOBODNA /,0,,2018-02-20 18:49:35
2018-02-20 19:18:35,INT-07348/18,Spożywanie alkoholu na przystanku nr.17309 przy ul. Krzemienieckiej.,SPOŻYWANIE ALKOHOLU,KRZEMIENIECKA /,POUCZENIE,0,2018-02-21 14:49:43
2018-02-20 19:45:00,INT-07358/18,parkowanie na pasie zieleni,NISZCZENIE ZIELENI,KURONIA /,50,,2018-02-20 20:26:31
2018-02-20 22:44:52,INT-07366/18,nieprawidłowe parkowanie pojazdów w strefie zamieszkania poza miejscami wyznaczonymi,NIEPRAWIDŁOWE PARKOWANIE,WOJACZKA 19/,OSTRZEŻENIE,0,2018-02-21 02:57:35
2018-02-21 00:00:00,INT-07520/18,spalanie odpadów,PIEC,PRADZYŃSKIEGO 41/,MANDAT,50,2018-02-21 16:08:45
2018-02-21 08:11:47,INT-07385/18,na osiedlu parkowanie na przejściu dla pieszych pojazd mercedes ,NIEPRAWIDŁOWE PARKOWANIE,HALLERA 86/,MANDAT,500,2018-02-21 12:10:14
2018-02-21 08:11:47,INT-07385/18,na osiedlu parkowanie na przejściu dla pieszych pojazd mercedes ,NIEPRAWIDŁOWE PARKOWANIE,HALLERA 86/,MANDAT,100,2018-02-21 12:10:14
2018-02-21 08:11:47,INT-07385/18,na osiedlu parkowanie na przejściu dla pieszych pojazd mercedes ,NIEPRAWIDŁOWE PARKOWANIE,HALLERA 86/,MANDAT,50,2018-02-21 12:10:14
2018-02-21 08:15:00,INT-07555/18,kontrola parkowania za B-36,NIEPRAWIDŁOWE PARKOWANIE,SZEWSKA /,MANDAT,100,2018-02-21 18:59:04
2018-02-21 08:40:00,INT-07603/18,Parkowanie na P21,NIEPRAWIDŁOWE PARKOWANIE,PL.MUZEALNY /,0,,2018-02-22 06:35:33
2018-02-21 08:55:00,INT-07457/18,Termiczne przekształcanie odpadów w ognisku ,OGNISKO,ODOLANOWSKA /,MANDAT,500,2018-02-21 12:33:40
2018-02-21 09:00:00,INT-07604/18,Przejscie przez jezdnię przy zapalonym czerwonym swietle,WYKROCZENIA PIESZYCH,PL.LEGIONÓW /,100,,2018-02-22 06:37:15
2018-02-21 09:11:02,INT-07399/18,parkowanie pojazdów na płycie Rynku,NIEPRAWIDŁOWE PARKOWANIE,RYNEK I 50/,0,,2018-02-21 10:38:12
2018-02-21 09:20:00,INT-07516/18,spalanie odpadów,PIEC,PRĄDZYŃSKIEGO 41/,MANDAT,50,2018-02-21 15:56:20
2018-02-21 09:25:00,INT-07562/18,parkowanie pojazdu za B-36,NIEPRAWIDŁOWE PARKOWANIE,WITA STWOSZA /,MANDAT,100,2018-02-21 19:20:18
2018-02-21 09:45:00,INT-07717/18,mkk-100 z art.97 KW  Parkowanie pojazdem Renault  w strefie zamieszkania w miejscu niewyznaczonym (H04),BEZPIECZEŃSTWO W KOMUNIKACJI,RYNEK /,MANDAT,100,2018-02-22 15:23:57
2018-02-21 09:51:03,INT-07409/18,parkowanie pojazdów za B-36,NIEPRAWIDŁOWE PARKOWANIE,SIKORSKIEGO /,100,,2018-02-21 17:22:02
2018-02-21 10:00:00,INT-07747/18,mkk-200 z art.92 par.1 niestosowanie sie do znaku B-1 ,BEZPIECZEŃSTWO W KOMUNIKACJI,RYNEK /,MANDAT,200,2018-02-22 17:22:41
2018-02-21 10:00:00,INT-07427/18,przy globisie pojazdy zaparkowane na B-36 i T24,NIEPRAWIDŁOWE PARKOWANIE,POWSTAŃCÓW ŚLĄSKICH /,LAWETA,100,2018-02-21 11:21:55
2018-02-21 10:05:00,INT-07464/18,Kontrole zlecone WNŚ.ZO.4010.782.2018.ML,PORZĄDKOWA,RUSKA 43/44/,MANDAT,100,2018-02-22 08:38:06
2018-02-21 10:18:31,INT-07417/18,parkowanie pojazdu nieuprawnionego na kopercie dla poj. dostawczych,NIEPRAWIDŁOWE PARKOWANIE,PLAC TEATRALNY 1/,0,,2018-02-21 11:50:23
2018-02-21 10:20:00,INT-07605/18,Handel poza miejscem wyznaczonym bez zezwolenia,HANDEL,PL.LEGIONÓW /,50,,2018-02-22 06:39:43
2018-02-21 10:50:00,INT-07502/18,Parkowanie za B-36,NIEPRAWIDŁOWE PARKOWANIE,SŁONIMSKIEGO /,100,,2018-02-21 15:02:38
2018-02-21 10:54:21,INT-07424/18,parkowanie na terenie szpitala przy SOR na trawnikach niszczenie zieleni,NISZCZENIE ZIELENI,KAMIŃSKIEGO /,100,,2018-02-21 13:17:13
2018-02-21 11:00:00,INT-07558/18,kontrola parkowania za B-36,NIEPRAWIDŁOWE PARKOWANIE,SZEWSKA /,MANDAT,100,2018-02-21 19:08:01
2018-02-21 11:20:29,INT-07428/18,ul. Sernicka a ul. Paczkowska parkowanie pojazdów na skrzyżowaniu,NIEPRAWIDŁOWE PARKOWANIE,SERNICKA /,0,,2018-02-21 12:17:58
2018-02-21 11:25:00,INT-07513/18,handel,HANDEL,SKARBOWCÓW /,MANDAT,50,2018-02-21 15:37:51
2018-02-21 11:30:00,INT-07592/18,"mkk-100, art.63a KW",PLAKATY (REKLAMY),SĄDOWA 12/,MANDAT,100,2018-02-21 21:19:55
2018-02-21 11:50:00,INT-07587/18,"mkk-100 , z art.63a KW ",PLAKATY (REKLAMY),SĄDOWA 14A/,MANDAT,100,2018-02-21 20:58:11
2018-02-21 12:15:00,INT-07680/18,WJAZD ZA B1,BEZPIECZEŃSTWO W KOMUNIKACJI,RYNEK RATUSZ /,MANDAT,200,2018-02-22 12:21:28
2018-02-21 12:22:13,INT-07448/18,parkowanie wszędzie nieprawidłowe łącznie z niszczeniem zieleni na odcinku od Swoodnej do Wielkiej,NIEPRAWIDŁOWE PARKOWANIE,KOMANDORSKA /,LAWETA,100,2018-02-21 16:52:21
2018-02-21 13:17:13,INT-07475/18,kleczkowska/reymonta na wysokości ZUS-u - parkowanie pojazdów na całej szerokości chodnika,NIEPRAWIDŁOWE PARKOWANIE,KLECZKOWSKA /,100,,2018-02-21 13:59:23
2018-02-21 13:27:58,INT-07481/18,parkowanie poj. nieuprawnionych na postoju TAXI,NIEPRAWIDŁOWE PARKOWANIE,KRASZEWSKIEGO JÓZEFA IGNACEGO /,0,,2018-02-21 16:54:21
2018-02-21 13:27:58,INT-07481/18,parkowanie poj. nieuprawnionych na postoju TAXI,NIEPRAWIDŁOWE PARKOWANIE,KRASZEWSKIEGO JÓZEFA IGNACEGO /,100,,2018-02-21 16:54:21
2018-02-21 14:21:06,INT-07494/18,czarny dym z komina,PIEC,WADOWICKA 1/,MANDAT,50,2018-02-27 18:44:31
2018-02-21 14:55:00,INT-07553/18,parkowanie pojazdum za B-36,NIEPRAWIDŁOWE PARKOWANIE,WIĘZIENNA /,MANDAT,100,2018-02-21 18:44:15
2018-02-21 15:55:00,INT-07716/18,znak b1,BEZPIECZEŃSTWO W KOMUNIKACJI,MOSTY MŁYŃSKIE /,MANDAT,100,2018-02-22 15:08:03
2018-02-21 17:10:00,INT-07514/18,"parkowanie poj. na chodnikach aż do M.Borna, piesi zmuszeni do chodzenia po jezdni",NIEPRAWIDŁOWE PARKOWANIE,CYBULSKIEGO 37/,0,,2018-02-21 17:17:55
2018-02-21 17:10:00,INT-07514/18,"parkowanie poj. na chodnikach aż do M.Borna, piesi zmuszeni do chodzenia po jezdni",NIEPRAWIDŁOWE PARKOWANIE,CYBULSKIEGO 37/,100,,2018-02-21 17:17:55
2018-02-21 17:20:06,INT-07536/18,parkowanie pojazdów w strefie zamieszkania poza miejscami wyznaczonymi,NIEPRAWIDŁOWE PARKOWANIE,SZYBKA 1-5/,0,,2018-02-22 01:02:47
2018-02-21 17:50:17,INT-07543/18,pojazd Land Rover utrudnia wjazd do garażu,NIEPRAWIDŁOWE PARKOWANIE,REJA 82/,0,,2018-02-21 18:14:01
2018-02-21 18:46:55,INT-07554/18,parkowanie pojazdu na miejscu dla inwalidy bez uprawnień,NIEPRAWIDŁOWE PARKOWANIE,SZAJNOCHY /,MANDAT,500,2018-02-21 18:46:55
2018-02-21 21:41:10,INT-07596/18,Pojazdy zaparkowane w podwórzu za D-40.Pojazdy zaparkowane na chodniku za B-36.,NIEPRAWIDŁOWE PARKOWANIE,PRADZYŃSKIEGO 49/,0,,2018-02-21 22:34:58
2018-02-21 23:36:44,INT-07599/18,Pojazdy bez uprzwnień na postoju Taxi.,NIEPRAWIDŁOWE PARKOWANIE,ZGODNA /,0,,2018-02-22 00:26:40
2018-02-22 07:26:38,INT-07617/18,przejście przez pasy na czerwonym świetle,BEZPIECZEŃSTWO W KOMUNIKACJI,KAZIMIERZA WIELKIEGO /,MANDAT,100,2018-02-22 07:27:31
2018-02-22 08:16:19,INT-07620/18,"spalanie śmieci w jednym z magazynów przy ul. Michalczyka, czarny, gryzący dym z komina, aż oczy łzawia.",PIEC,MICHALCZYKA /,300,,2018-02-28 10:50:00
2018-02-22 08:28:35,INT-07621/18,"parkowanie poj. za B-36, ok. 10 aut.",NIEPRAWIDŁOWE PARKOWANIE,JESIONOWA 76/,100,,2018-02-22 11:35:48
2018-02-22 08:33:34,INT-07622/18,"przy pomniku Fryderyka Chopina, parkowanie poj. na chodniku, brak 1.5m przejścia,w tym parkowanie poj. pow. 3,5t.",NIEPRAWIDŁOWE PARKOWANIE,WALIGÓRSKIEGO /,0,,2018-02-22 11:19:42
2018-02-22 09:14:27,INT-07630/18,"Według zgłoszenia, Al. Słowackiego łączy się z Podwalem i przy Poczcie jest zablokowany chodnik przez zaparkowane tam nieprawidłowo pojazdy dzieje się tak co dziennie ",NIEPRAWIDŁOWE PARKOWANIE,AL. SŁOWACKIEGO /,0,,2018-02-22 11:02:13
2018-02-22 09:14:27,INT-07630/18,"Według zgłoszenia, Al. Słowackiego łączy się z Podwalem i przy Poczcie jest zablokowany chodnik przez zaparkowane tam nieprawidłowo pojazdy dzieje się tak co dziennie ",NIEPRAWIDŁOWE PARKOWANIE,AL. SŁOWACKIEGO /,100,,2018-02-22 11:02:13
2018-02-22 09:22:19,INT-07631/18,Parkowanie za B-36.,NIEPRAWIDŁOWE PARKOWANIE,ŻYCZLIWA 1-20/,0,,2018-02-22 11:51:55
2018-02-22 09:47:17,INT-07634/18,"parking dla autobusów, parkowanie pojazdów nieuprawnionych.",NIEPRAWIDŁOWE PARKOWANIE,WIERZBOWA /,100,,2018-02-22 10:26:09
2018-02-22 09:48:30,INT-07637/18,"Według zgłoszenia, nieprawidłowo zaparkowane pojazdy za znakiem zakazu zatrzymywania sie  Pl. Powsńców Warszawy przy Urzędzie Wojewódzkim.",NIEPRAWIDŁOWE PARKOWANIE,PLAC POWSTAŃCÓW WARSZAWY /,100,,2018-02-22 14:21:13
2018-02-22 10:00:00,INT-07647/18,postój pojazdu nieuprawnionego na postoju taxi,NIEPRAWIDŁOWE PARKOWANIE,TĘCZOWA /,MANDAT,100,2018-02-22 10:20:25
2018-02-22 10:01:52,INT-07642/18,"przy Miasteczku Ruchu Drogowego, parkowanie na drodze dla rowerów.",NIEPRAWIDŁOWE PARKOWANIE,WIECZYSTA /,0,,2018-02-22 11:07:49
2018-02-22 11:00:00,INT-07772/18,pp z art.112 par.9 UOZ,PLAKATY (REKLAMY),PIOTRA SKARGI 19/,POUCZENIE,0,2018-02-22 19:41:39
2018-02-22 11:20:00,INT-07713/18,handel,HANDEL,JEMIOŁOWA /,MANDAT,50,2018-02-22 14:57:06
2018-02-22 11:35:00,INT-07770/18,PP Z ART. 112  PAR. 9 UOZ,PLAKATY (REKLAMY),ŚWIDNICKA 3/,POUCZENIE,0,2018-02-22 19:32:47
2018-02-22 11:40:00,INT-07775/18,ostrzeżenie nr 50666 art. 97 KW Parkowanie pojazdem Volkswagen na miejscu wyznaczonym dla Miejskiej Wypożyczalni Samochodów Ellektrycznych  ul. Wita Stwosza ,BEZPIECZEŃSTWO W KOMUNIKACJI,WITA STWOSZA /,OSTRZEŻENIE,0,2018-02-22 20:01:26
2018-02-22 11:45:00,INT-07618/18,przejscie przez pasy na czerwonym świetle ,BEZPIECZEŃSTWO W KOMUNIKACJI,KAZIMIERZA WIELKIEGO /,MANDAT,100,2018-02-22 07:58:32
2018-02-22 12:00:00,INT-07707/18,parkowanie na skrzyżowaniu,NIEPRAWIDŁOWE PARKOWANIE,POLARNA 2/,300,,2018-02-22 14:36:39
2018-02-22 12:09:46,INT-07675/18,"parkowanie na chodniku, brak 1.5m przejścia.",NIEPRAWIDŁOWE PARKOWANIE,JODŁOWICKA 10/,OSTRZEŻENIE,0,2018-02-22 16:50:13
2018-02-22 12:10:00,INT-07732/18,mk-50 z art. 92 par.1 KW niestosowanie do znaku B-1 / kierujący pojazdem Mercedes ,BEZPIECZEŃSTWO W KOMUNIKACJI,SZEWSKA /,MANDAT,50,2018-02-22 16:33:29
2018-02-22 12:35:00,INT-07742/18,mkk-100 z art 92 par.1 Parkowanie pojazdem Ford w miejscu obowiązywania znaku B-36 i T-24,BEZPIECZEŃSTWO W KOMUNIKACJI,PLAC SOLNY /,MANDAT,100,2018-02-22 17:05:00
2018-02-22 12:42:41,INT-07687/18,Kontrola gospodarki odpadami WNŚZO.4010.803.2018.ML,PORZĄDKOWA,RUSKA 18/19/,MANDAT,300,2018-02-23 07:33:19
2018-02-22 12:45:00,INT-07681/18,"łącznik pomiędzy ul.Braniborska a Robotniczą, za Domarem, parkowanie pojazdów niezgodnie z oznakowaniem.",NIEPRAWIDŁOWE PARKOWANIE,BRANIBORSKA /,0,,2018-02-22 19:00:00
2018-02-22 12:45:00,INT-07681/18,"łącznik pomiędzy ul.Braniborska a Robotniczą, za Domarem, parkowanie pojazdów niezgodnie z oznakowaniem.",NIEPRAWIDŁOWE PARKOWANIE,BRANIBORSKA /,100,,2018-02-22 19:00:00
2018-02-22 12:55:00,INT-07710/18,handel,HANDEL,SKARBOWCÓW /,MANDAT,50,2018-02-22 14:53:30
2018-02-22 13:28:43,INT-07695/18,"Według zgłoszenia, ul. Szewska a Nożownicza punkt handlowy z zapiekankami wystawił stare kartony z reklamą promocji itp.( Park Kulturowy).",HANDEL,SZEWSKA /,100,,2018-02-22 15:54:23
2018-02-22 16:40:00,INT-07860/18,ZANIECZYSZCZANIE CHODNIKA ,PORZĄDKOWA,SZEWSKA /,MANDAT,100,2018-02-23 11:31:43
2018-02-22 17:25:00,INT-07763/18,parkowanie nie przy krawędzi jezdni,BLOKADA,KRZYWOUSTEGO 307/,100,,2018-02-22 18:39:41
2018-02-22 17:58:25,INT-07756/18,"zablokowany wyjazd z posesji przez poj. m-ki Fiat Panda, zgłaszający na miejscu.za cerkwią.",Zablokowany wyjazd,WSZYSTKICH ŚWIĘTYCH /,100,,2018-02-22 18:47:54
2018-02-22 19:16:17,INT-07768/18,"a ul. Komandorska ,postój TAXI, parkowanie pojazdów nieuprawnionych.",NIEPRAWIDŁOWE PARKOWANIE,BOGUSŁAWSKIEGO /,100,,2018-02-22 22:14:57
2018-02-22 20:20:33,INT-07780/18,parkowanie na postoju TAXI,NIEPRAWIDŁOWE PARKOWANIE,WŁODKOWICA /,0,,2018-02-22 21:46:54
2018-02-22 20:20:33,INT-07780/18,parkowanie na postoju TAXI,NIEPRAWIDŁOWE PARKOWANIE,WŁODKOWICA /,100,,2018-02-22 21:46:54
2018-02-22 23:00:00,INT-07797/18,kontrola parkowania pojazdów za B-36,BLOKADA,KAZIMIERZA WIELKIEGO /,100,,2018-02-23 01:28:51
2018-02-22 23:12:23,INT-07795/18,parkowanie poza miejscem wyznaczonym ,NIEPRAWIDŁOWE PARKOWANIE,WOJACZKA 15/,OSTRZEŻENIE,0,2018-02-23 00:04:04
2018-02-23 09:15:00,INT-07868/18,niestosowanie się do znaku B-1,BEZPIECZEŃSTWO W KOMUNIKACJI,SUCHA /,50,,2018-02-23 12:09:00
2018-02-23 09:15:00,INT-07868/18,niestosowanie się do znaku B-1,BEZPIECZEŃSTWO W KOMUNIKACJI,SUCHA /,100,,2018-02-23 12:09:00
2018-02-23 09:15:00,INT-07868/18,niestosowanie się do znaku B-1,BEZPIECZEŃSTWO W KOMUNIKACJI,SUCHA /,0,,2018-02-23 12:09:00
2018-02-23 09:50:50,INT-07841/18,na terenie archimedesa parkowanie za b36 + t24,NIEPRAWIDŁOWE PARKOWANIE,ROBOTNICZA /,100,,2018-02-23 15:08:11
2018-02-23 10:25:32,INT-07837/18,ZABLOKOWANY WYJAZD Z GARAZU. ZGŁASZAJĄCY NA MIEJSCU,Zablokowany wyjazd,ZDROWA 7/,LAWETA,100,2018-02-23 11:03:27
2018-02-23 10:30:17,INT-07838/18,POD KOŚCIOŁWM OD STR. GALERII KOBIETA Z 3 DZIECI ŻEBRZE,ŻEBRANIE,PLAC DOMINIKAŃSKI /,500,,2018-02-23 11:45:54
2018-02-23 10:35:00,INT-08208/18,Parkowanie za B36,NIEPRAWIDŁOWE PARKOWANIE,OFIAR OŚWIĘCIMSKICH /,0,,2018-02-26 06:39:25
2018-02-23 10:35:00,INT-08208/18,Parkowanie za B36,NIEPRAWIDŁOWE PARKOWANIE,OFIAR OŚWIĘCIMSKICH /,100,,2018-02-26 06:39:25
2018-02-23 10:37:45,INT-07840/18,POJAZD ZA ZAKAZEM PEUGEOT ,NIEPRAWIDŁOWE PARKOWANIE,FABRYCZNA 10/,100,,2018-02-23 11:46:47
2018-02-23 10:45:00,INT-07857/18,"parkowanie na chodniku brak 1,5 metra przejścia dla pieszych",NIEPRAWIDŁOWE PARKOWANIE,SŁONIMSKIEGO /,0,,2018-02-23 11:25:11
2018-02-23 10:45:00,INT-08278/18,Parkowanie za b36 oraz na postoju TAXI,NIEPRAWIDŁOWE PARKOWANIE,WŁODKOWICA /,100,,2018-02-26 11:50:14
2018-02-23 11:06:24,INT-07849/18,nieprawidłowo zaparkowany na jezdni pojazd ( czerwony ) w strefie zamieszkania w sposób znacznie utrudniający przejazd,NIEPRAWIDŁOWE PARKOWANIE,KACZMARSKIEGO 7 - 9/,100,,2018-02-23 13:59:17
2018-02-23 11:20:10,INT-07853/18,od strony ul. podwale w stronę ul. rybackiej pojazdy parkują za b36,NIEPRAWIDŁOWE PARKOWANIE,SIKORSKIEGO /,100,,2018-02-23 11:57:08
2018-02-23 11:30:00,INT-07891/18,parkowanie w odległości mniejszej niż 10 metrów od skrzyżowania,NIEPRAWIDŁOWE PARKOWANIE,POLARNA 2/,0,,2018-02-23 13:36:27
2018-02-23 12:55:00,INT-08264/18,Parkowanie za b36,NIEPRAWIDŁOWE PARKOWANIE,KRAWIECKA /,100,,2018-02-26 11:01:20
2018-02-23 13:09:37,INT-07880/18,pojazd subaru blokuje chodnik,NIEPRAWIDŁOWE PARKOWANIE,DĄBROWSKIEGO 42/,MANDAT,300,2018-02-23 15:15:23
2018-02-23 13:20:00,INT-08260/18,Parkowanie za B36,NIEPRAWIDŁOWE PARKOWANIE,KAZIMIERZA WIELKIEGO /,100,,2018-02-26 10:57:13
2018-02-23 15:00:00,INT-08806/18,POSTÓJ NA KOPERCIE DLA OSOBY NIEPEŁNOSPRAWNEJ,NIEPRAWIDŁOWE PARKOWANIE,KURZY TARG /,0,,2018-02-28 17:53:12
2018-02-23 16:23:32,INT-07937/18,"nieprawidłowo zaparkowane pojazdy ( jeep,osobowy ) na jezdni  po obu stronach utrudniające przejazd, ",NIEPRAWIDŁOWE PARKOWANIE,ZŁOTNICKA 37/,OSTRZEŻENIE,0,2018-02-23 19:18:57
2018-02-23 17:15:00,INT-07968/18,"interwencja wobec pojazdu zaparkowanego za B36, T-24",NIEPRAWIDŁOWE PARKOWANIE,PL. SOLNY /,MANDAT,100,2018-02-23 18:58:40
2018-02-23 18:55:00,INT-07961/18,BRANIORSKA - SIEGACZ  PARKOWANIE POJAZDÓW NA CHODNIKU UTRUDNIANIE PRZEJŚCIA I PARKOWANIE NIEZGODNIE Z OZNAKOWANIE PARKOWANIA,NIEPRAWIDŁOWE PARKOWANIE,BRANIBORSKA /,0,,2018-02-23 19:22:23
2018-02-23 18:55:00,INT-07961/18,BRANIORSKA - SIEGACZ  PARKOWANIE POJAZDÓW NA CHODNIKU UTRUDNIANIE PRZEJŚCIA I PARKOWANIE NIEZGODNIE Z OZNAKOWANIE PARKOWANIA,NIEPRAWIDŁOWE PARKOWANIE,BRANIBORSKA /,100,,2018-02-23 19:22:23
2018-02-23 18:59:43,INT-07969/18,parkowanie pojazdów za znakiem zakazu,NIEPRAWIDŁOWE PARKOWANIE,ZWYCIĘSKA 29/,100,,2018-02-24 03:26:51
2018-02-23 22:30:40,INT-07997/18,"Miejsce wystapienia: Stanisławowska 46, 48, 66, 86, 94, 105.Opis zdarzenia: Czarny dym z komina, podejrzenie spalania śmieci.. ",PIEC,"STANISŁAWOWSKA 46,48..../",MANDAT,100,2018-03-02 21:07:56
2018-02-24 00:02:40,INT-08006/18,parkowanie na postoju taxi,NIEPRAWIDŁOWE PARKOWANIE,WŁODKOWICA  /,100,,2018-02-24 03:57:11
2018-02-24 09:04:14,INT-08021/18,Parkowanie za B-36 przy JRG 2.,NIEPRAWIDŁOWE PARKOWANIE,GDAŃSKA /,0,,2018-02-24 10:11:02
2018-02-24 09:04:14,INT-08021/18,Parkowanie za B-36 przy JRG 2.,NIEPRAWIDŁOWE PARKOWANIE,GDAŃSKA /,100,,2018-02-24 10:11:02
2018-02-24 09:04:14,INT-08021/18,Parkowanie za B-36 przy JRG 2.,NIEPRAWIDŁOWE PARKOWANIE,GDAŃSKA /,300,,2018-02-24 10:11:02
2018-02-24 09:40:59,INT-08025/18,Długosza z  budynku Centrum Ogrodniczego ( za Lidlem) wydobywa się czarny dymZO.4010.836.2018.ML,PIEC,DŁUGOSZA /,MANDAT,200,2018-02-27 17:51:24
2018-02-24 10:40:36,INT-08036/18,Wieczysta przy placu Zamenhofa pojazdy zaparkowane na drodze dla rowerów,NIEPRAWIDŁOWE PARKOWANIE,WIECZYSTA /,0,,2018-02-24 12:58:03
2018-02-24 12:29:31,INT-08054/18,Godz 12:25 patrol 20-303  stwierdził przewrócone rusztowanie na chodnik a część rusztowania wisi na murze.Wezwano na miejsce Straż Pożarną w celu usuniecia wiszących elementów teren wygrodzono tasma ostrzegawczą i zabezpieczano miejsce zdarzenia.Patrol powiadomił we własym zakresie zarządce budynku tj. PZM Wrocław i odpowiedzialnego za rusztowanie.Godz. 12.50 na miejscu straż pożarna. działania prowadzone do 14.30. Patrol SM zabezpieczał teren.,PORZĄDKOWA,NOWOWIEJSKA 95/,500,,2018-02-24 14:45:19
2018-02-24 15:00:00,INT-08250/18,interwencja wobec osoby spoozywającej alkohol w miejscu zabronionym,SPOŻYWANIE ALKOHOLU,OŁAWSKA /,MANDAT,100,2018-02-26 10:08:59
2018-02-24 18:00:00,INT-08238/18,hanndel na chodniku na tereniue parku kulturowego,HANDEL,OŁAWSKA /,MANDAT,100,2018-02-26 09:35:47
2018-02-24 18:54:17,INT-08097/18,Bogusławskiego-Komandorska 5 pojazdów na postoju Taxi bez uprawnień,NIEPRAWIDŁOWE PARKOWANIE,BOGUSŁAWSKIEGO /,OSTRZEŻENIE,0,2018-02-24 22:44:34
2018-02-24 19:59:30,INT-08103/18,zablokowany garaż w strefie ruchu - zgłaszający czeka w domu ,Zablokowany wyjazd,KRZYWOUSTEGO 31/2,MANDAT,100,2018-02-24 21:40:00
2018-02-24 20:06:18,INT-08104/18,postój na całej szerokości chodnika,NIEPRAWIDŁOWE PARKOWANIE,BOLESŁAWIECKA 6/,OSTRZEŻENIE,0,2018-02-24 22:29:25
2018-02-24 22:12:14,INT-08122/18,parkowanie na postoju TAXI,NIEPRAWIDŁOWE PARKOWANIE,WŁODKOWICA /,100,,2018-02-24 23:32:48
2018-02-25 08:17:33,INT-08132/18,PARKOWANIE POJAZDU BUS - WEDŁUG ZGŁASZAJACEGO PRZEKRACZA MASE POJAZDU 2.5 TONY DOPUSZCZONY DO PARKOWANIA NA CHODNIKU,NIEPRAWIDŁOWE PARKOWANIE,WIEJSKA 22 A/,0,,2018-02-25 09:32:07
2018-02-25 09:17:13,INT-08135/18,"parrkowanie pojazdów na wysokości sklepu ABC na chodniku w miejscu zakazu oraz brak pozostawionego 1,5m ",NIEPRAWIDŁOWE PARKOWANIE,VIVALDIEGO /,0,,2018-02-25 10:23:16
2018-02-25 11:00:00,INT-08189/18,NIEPRAWIDŁOWE PARKOWANIE POJAZDÓW ZA B-36 I NA POSTOJU TAXI,NIEPRAWIDŁOWE PARKOWANIE,WŁODKOWICA /,200,,2018-02-25 18:02:19
2018-02-25 11:00:00,INT-08189/18,NIEPRAWIDŁOWE PARKOWANIE POJAZDÓW ZA B-36 I NA POSTOJU TAXI,NIEPRAWIDŁOWE PARKOWANIE,WŁODKOWICA /,100,,2018-02-25 18:02:19
2018-02-25 11:05:32,INT-08149/18,zablokowany pojazd przez inny nieprawidłowo zaparkowany - oraz brak przejścia chodnikiem,Zablokowany wyjazd,GÓRNICKIEGO ŁUKASZA 10/,OSTRZEŻENIE,0,2018-02-25 11:47:53
2018-02-25 11:30:00,INT-08191/18,PARKOWANIE POJAZDÓW ZA B-36,NIEPRAWIDŁOWE PARKOWANIE,KAZIMIERZA WIELKIEGO /,100,,2018-02-25 18:10:15
2018-02-25 11:45:00,INT-08190/18,PARKOWANIE POJAZDÓW NA POSTOJU TAXI,NIEPRAWIDŁOWE PARKOWANIE,BOGUSŁAWSKIEGO /,100,,2018-02-25 18:06:00
2018-02-25 12:54:12,INT-08162/18,PARKOWANIE POJAZDÓW ZA D-40,NIEPRAWIDŁOWE PARKOWANIE,JEŻOWSKA /,0,,2018-02-25 18:52:06
2018-02-25 14:11:21,INT-08169/18,czarny dym z komina,PIEC,ŁANOWA 10/,MANDAT,50,2018-02-28 15:18:01
2018-02-25 14:35:00,INT-08365/18,HANDEL NA TERENIE PARKU KULTUROWEGO BEZ ZEZWOLENIA,HANDEL,RYNEK /,MANDAT,100,2018-02-26 18:56:26
2018-02-25 14:49:10,INT-08173/18,parkowanie pojazdów w strefie D-40 w miejscach niewyznaczonych,NIEPRAWIDŁOWE PARKOWANIE,MAŁOPOLSKA 38/,0,,2018-02-25 17:33:49
2018-02-25 14:49:10,INT-08173/18,parkowanie pojazdów w strefie D-40 w miejscach niewyznaczonych,NIEPRAWIDŁOWE PARKOWANIE,MAŁOPOLSKA 38/,100,,2018-02-25 17:33:49
2018-02-25 17:30:00,INT-08367/18,HANDEL NA TERENIE PARKU KULTUROWEGO BEZ ZEZWOLENIA ,HANDEL,OŁAWSKA /,MANDAT,100,2018-02-26 19:00:31
2018-02-25 20:24:04,INT-08200/18,Pojazdy zaparkowane w podwórzu za D-40.Pojazdy zaparkowane na chodniku za B-36 przed wjazdem na wnetrze blokowe.,NIEPRAWIDŁOWE PARKOWANIE,PRADZYŃSKIEGO 49/,100,,2018-02-25 22:14:44
2018-02-25 21:55:00,INT-08420/18,Parkowanie za znakiem B36 oraz w strefie D40,NIEPRAWIDŁOWE PARKOWANIE,PRĄDZYŃSKIEGO /,100,,2018-02-27 07:10:06
2018-02-25 22:25:00,INT-08213/18,Parkownie za B-36 i T-24,LAWETY,WIERZBOWA /,100,,2018-02-26 07:09:26
2018-02-25 23:35:00,INT-08214/18,Parkowanie za B-36,BLOKADA,WŁODKOWICA /,100,,2018-02-26 07:12:04
2018-02-26 06:39:35,INT-08209/18,Pojazdy zaparkowane za znakiem B-36.,NIEPRAWIDŁOWE PARKOWANIE,BOROWSKA 242/,100,,2018-02-26 10:13:58
2018-02-26 08:25:08,INT-08218/18,"Według zgłoszenia, ul. Mennicza róg ul. Widok  pojazdy w strefie zamieszkania parkują poza miejscami wyznaczonymi, zgłaszajacy ul. Widok 10 (recepcja) podejdzie z patrolem pokazać dokładnie miejsce.",NIEPRAWIDŁOWE PARKOWANIE,MENNICZA /,100,,2018-02-26 10:07:57
2018-02-26 08:40:00,INT-08274/18,ul. Rumiankowa skrzyzowanie z ul. Kiemliczów i Gdacjusza parkowanie na skrzyżowaniu oraz przystanku MPK,NIEPRAWIDŁOWE PARKOWANIE,RUMIANKOWA /,100,,2018-02-26 11:12:27
2018-02-26 08:54:42,INT-08223/18,Parkowanie na skrzyżowaniu Sernicka a Paczkowska,NIEPRAWIDŁOWE PARKOWANIE,SERNICKA 1-5/,300,,2018-02-26 10:14:41
2018-02-26 09:36:14,INT-08237/18,"ul.Sikorskiego, które utrudniają bądź uniemożliwiają pieszym swobodne przemieszczanie się, ponieważ nie ma przepisowego 1,5 m. Przejścia, ",NIEPRAWIDŁOWE PARKOWANIE,SIKORSKIEGO /,100,,2018-02-26 09:36:14
2018-02-26 09:50:00,INT-08741/18,B-36,NIEPRAWIDŁOWE PARKOWANIE,OLSZEWSKIEGO /,100,,2018-02-28 15:39:24
2018-02-26 10:25:00,INT-08269/18,parkowanie na postoju TAXI bez uprawnień,NIEPRAWIDŁOWE PARKOWANIE,ALEJA PIASTÓW /,100,,2018-02-26 11:05:42
2018-02-26 11:21:45,INT-08275/18,parkowanie na chodniku za B-36.,NIEPRAWIDŁOWE PARKOWANIE,GWIAŹDZISTA 10/,100,,2018-02-26 12:00:55
2018-02-26 11:43:11,INT-08277/18,"pomiędzy ul. Wielka a Radosna, parkowanie na chodniku, brak 1.5m przejścia.",NIEPRAWIDŁOWE PARKOWANIE,KOMANDORSKA /,0,,2018-02-26 12:44:30
2018-02-26 11:43:11,INT-08277/18,"pomiędzy ul. Wielka a Radosna, parkowanie na chodniku, brak 1.5m przejścia.",NIEPRAWIDŁOWE PARKOWANIE,KOMANDORSKA /,100,,2018-02-26 12:44:30
2018-02-26 12:28:44,INT-08284/18,Parkowanie pojazdów za znakiem D-40 poza miejscami wyznaczonymi,NIEPRAWIDŁOWE PARKOWANIE,TARNOWSKA 8/,0,,2018-02-26 13:57:55
2018-02-26 12:54:18,INT-08290/18,Na chodniku przy salonie As zaparkowany duży bus wygląda jak ciężarowy pan zgłasza bo w tym miejscu on został ukarany więc pojazd ten pewnie również popełnia wykroczenie. ,NIEPRAWIDŁOWE PARKOWANIE,PIŁSUDSKIEGO 28-30/,100,,2018-02-26 18:18:24
2018-02-26 15:20:00,INT-08739/18,S-5,WYKROCZENIA PIESZYCH,BARDZKA /,100,,2018-02-28 15:34:31
2018-02-26 15:26:33,INT-08738/18,POSTÓJ W ODLEGŁOSCI MNEIJSZEJ NIZ 10M OD PRZEJŚCIA DLA PIESZYCH,NIEPRAWIDŁOWE PARKOWANIE,AGRESTOWA /,100,,2018-02-28 15:26:52
2018-02-26 16:09:04,INT-08325/18,"Według zgłoszenia, pojazd vozilli nieprawidłowo zaparkowany na trawniku niszczy zieleń ul. Strażnicza1-3 przy fosie przy Moście Uniwersyteckim.",NISZCZENIE ZIELENI,STRAŻNICZA 1-3/,0,,2018-02-26 17:19:55
2018-02-26 16:10:00,INT-08736/18,wjazd za b-1,BEZPIECZEŃSTWO W KOMUNIKACJI,OŁAWSKA /,200,,2018-02-28 15:23:08
2018-02-26 17:26:11,INT-08343/18,"samochody parkują blokując chodnik (brak 1,5 metra).",NIEPRAWIDŁOWE PARKOWANIE,AL. SŁOWACKIEGO /,100,,2018-02-26 17:29:04
2018-02-26 18:50:00,INT-08457/18,ogłoszenie na chodniku,HANDEL,SZCZYTNICKA /,MANDAT,50,2018-02-27 09:44:09
2018-02-26 19:20:00,INT-08385/18,UZYWANIE URZADZEŃ EMITUJACYCH ANIMACJE NA TERENIE PARKU KULTUROWEGO,PLAKATY (REKLAMY),OŁAWSKA /,MANDAT,100,2018-02-26 20:35:16
2018-02-26 19:40:00,INT-08386/18,HANDEL NA TERENIE PARKU KULTUROWEGO,HANDEL,OŁAWSKA /,MANDAT,100,2018-02-26 20:37:42
2018-02-26 20:16:03,INT-08380/18,pojazdy nieuprawnione na post. TAXI,NIEPRAWIDŁOWE PARKOWANIE,WŁODKOWICA /,100,,2018-02-26 21:44:38
2018-02-26 23:46:05,INT-08404/18,parkownie pojazdów za b-36 od tyłu Wroponu,NIEPRAWIDŁOWE PARKOWANIE,NABYCIŃSKA /,100,,2018-02-27 00:09:41
2018-02-27 09:21:50,INT-08448/18,NA PASACH WYŁĄCZONYCH Z RUCHU ZAPARKOWANE 2 POJAZDY,NIEPRAWIDŁOWE PARKOWANIE,TEATRALNA 10/,0,,2018-02-27 10:25:15
2018-02-27 09:52:20,INT-08458/18,OD STR. ŚREDZKIEJ POJAZD NA CAŁEJ SZER. CHODNIKA,NIEPRAWIDŁOWE PARKOWANIE,ZAJAZDOWA /,MANDAT,100,2018-02-27 14:45:32
2018-02-27 09:53:39,INT-08459/18,pojazdy parkują na chodniku i trawniku (vis a vis ul. gwarnej),NIEPRAWIDŁOWE PARKOWANIE,KOŚCIUSZKI /,0,,2018-02-27 12:30:00
2018-02-27 10:12:09,INT-08462/18,przy skrzyżowaniu z ul. jaracza parkowanie za d40. PONOWNE ZGŁOSZENIE  OSOBA TEIERDZI ZE CZĘŚĆ POJAZDU ZAPARKOWANA JEST ZA D-40 A CZĘŚĆ W ODLEGŁOŚCI MNIEJSZEJ NIŻ 10M OD SKRZYŻOWANIA,NIEPRAWIDŁOWE PARKOWANIE,MŁODNICKIEGO /,0,,2018-02-27 18:38:55
2018-02-27 10:20:00,INT-08643/18,Parkowanie za B36,NIEPRAWIDŁOWE PARKOWANIE,MENNICZA /,100,,2018-02-28 09:07:07
2018-02-27 10:25:00,INT-08636/18,Parkowanie za B36,NIEPRAWIDŁOWE PARKOWANIE,KRAWIECKA /,0,,2018-02-28 08:51:32
2018-02-27 10:25:00,INT-08636/18,Parkowanie za B36,NIEPRAWIDŁOWE PARKOWANIE,KRAWIECKA /,100,,2018-02-28 08:51:32
2018-02-27 10:30:00,INT-08622/18,Parkowanie za B36,NIEPRAWIDŁOWE PARKOWANIE,OFIAR OŚWIĘCIMSKICH /,100,,2018-02-28 06:34:33
2018-02-27 10:32:32,INT-08469/18,"na terenie giełdy samochodowej , w warsztacie motoryzacyjnym spalanie gumy , plastików itp",PIEC,GNIEŹNIEŃSKA /,MANDAT,300,2018-03-02 16:49:11
2018-02-27 10:45:00,INT-08499/18,Parkowanie za B-36,BLOKADA,GWARNA /,100,,2018-02-27 12:45:50
2018-02-27 10:45:00,INT-08499/18,Parkowanie za B-36,BLOKADA,GWARNA /,0,,2018-02-27 12:45:50
2018-02-27 11:20:50,INT-08478/18,pojazdy parkują za b36,NIEPRAWIDŁOWE PARKOWANIE,JANISZEWSKIEGO /,100,,2018-02-27 12:44:12
2018-02-27 11:25:00,INT-08504/18,27.02.18 godz.11.25 kontrola parkowania za B-36 I T-24,NIEPRAWIDŁOWE PARKOWANIE,WITA STWOSZA /,MANDAT,100,2018-02-27 13:14:42
2018-02-27 11:34:51,INT-08480/18,koparką która podjechała pod blok podawane są rózne materiały do mieszkania nad zgłaszającą,BEZPIECZEŃSTWO W KOMUNIKACJI,BAZYLIOWA 6A/4,MANDAT,100,2018-02-27 12:58:02
2018-02-27 12:15:13,INT-08487/18,nieprawidłowe parkowanie pojazdów na powierzchni wyłączonej z ruchu ( przy stacji paliw Orlen ),NIEPRAWIDŁOWE PARKOWANIE,MUCHOBORSKA /,0,,2018-02-27 15:25:26
2018-02-27 12:19:38,INT-08490/18,"OD PL. POWSTAŃCÓW POJAZDY ZA B-36 + NA CHODNIKU, BRAK 1,5 M SZEROKOŚCI CHODNIKA",NIEPRAWIDŁOWE PARKOWANIE,ZAPOROSKA /,100,,2018-02-27 14:00:30
2018-02-27 12:35:00,INT-08839/18,PARKOWANIE POJAZDU ZA B36 I T24,NIEPRAWIDŁOWE PARKOWANIE,WITA STWOSZA /,MANDAT,100,2018-02-28 20:01:26
2018-02-27 15:40:00,INT-08546/18,Palenie na przystanku tytoniu.,PALENIE TYTONIU W MIEJSCACH  ZABRONIONYCH,KOZIA /,MANDAT,0,2018-02-27 16:28:13
2018-02-27 16:43:24,INT-08551/18,POJAZD BMW ZA B-1 I ZA B-36,NIEPRAWIDŁOWE PARKOWANIE,PLAC WOLNOŚCI 7A/,0,,2018-02-27 17:58:13
2018-02-27 20:03:11,INT-08593/18,parkowanie na postoju taxi,NIEPRAWIDŁOWE PARKOWANIE,WŁODKOWICA /,0,,2018-02-27 22:16:36
2018-02-27 20:03:11,INT-08593/18,parkowanie na postoju taxi,NIEPRAWIDŁOWE PARKOWANIE,WŁODKOWICA /,100,,2018-02-27 22:16:36
2018-02-27 20:28:06,INT-08599/18,"Pojazdy na skrzyżowaniu Sernicka 1-5/Paczkowska, Prudnicka/Paczkowska oraz Henrykowska/Sernicka pojazd na całej szerokości chodnika.",NIEPRAWIDŁOWE PARKOWANIE,SERNICKA 1-5/,0,,2018-02-28 05:32:48
2018-02-27 21:30:00,INT-08621/18,Parkowanie za B36,NIEPRAWIDŁOWE PARKOWANIE,WŁODKOWICA /,0,,2018-02-28 05:59:21
2018-02-27 21:30:00,INT-08621/18,Parkowanie za B36,NIEPRAWIDŁOWE PARKOWANIE,WŁODKOWICA /,100,,2018-02-28 05:59:21
2018-02-27 22:55:18,INT-08615/18,a Straussa niebeski Chrysler parkuje w miejscu zakazu.,NIEPRAWIDŁOWE PARKOWANIE,VIVALDIEGO /,0,,2018-02-28 02:10:08
2018-02-28 08:12:17,INT-08629/18,"Ul. Sucha odcinek od wyjścia z dworca PKP w str. ul. Ślężnej na wysokości budowy pojazdy na chodniku brak 1,5m. i za B-36.",NIEPRAWIDŁOWE PARKOWANIE,SUCHA /,100,,2018-02-28 11:59:45
2018-02-28 08:57:41,INT-08640/18,czochralskiego - na całej ulicy pojazdy parkują za b-36 i na terenach zielonych,NISZCZENIE ZIELENI,CZOCHRALSKIEGO /,100,,2018-02-28 14:07:22
2018-02-28 08:57:41,INT-08640/18,czochralskiego - na całej ulicy pojazdy parkują za b-36 i na terenach zielonych,NISZCZENIE ZIELENI,CZOCHRALSKIEGO /,0,,2018-02-28 14:07:22
2018-02-28 09:20:00,INT-08669/18,parkowanie w strefie zamieszkania poza miejscami wyznaczonymi do parkrowania oraz w miejscu obowiązywania znaku B-35 ,BLOKADA,MENNICZA /,100,,2018-02-28 10:58:34
2018-02-28 09:20:00,INT-08669/18,parkowanie w strefie zamieszkania poza miejscami wyznaczonymi do parkrowania oraz w miejscu obowiązywania znaku B-35 ,BLOKADA,MENNICZA /,300,,2018-02-28 10:58:34
2018-02-28 09:20:00,INT-08669/18,parkowanie w strefie zamieszkania poza miejscami wyznaczonymi do parkrowania oraz w miejscu obowiązywania znaku B-35 ,BLOKADA,MENNICZA /,0,,2018-02-28 10:58:34
2018-02-28 09:56:42,INT-08653/18,Na skwerze zieleni stoi żółta półciężarówka niszczy roślinność.,NISZCZENIE ZIELENI,STRĄCZKOWA 25/,0,,2018-02-28 12:24:38
2018-02-28 10:00:00,INT-08681/18,ZP.4040.224.2018.GAkontrola spalania Długa 11/13 warsztat prowadzony przez Ireneusza Szczypińskiego,PIEC,DŁUGA 11/13/,MANDAT,100,2018-03-05 09:12:39
2018-02-28 10:35:00,INT-08687/18,Parkowanie za B-35 powyżej 15 minut,NIEPRAWIDŁOWE PARKOWANIE,KOLEJOWA /,0,,2018-02-28 11:57:13
2018-02-28 10:37:38,INT-08661/18,Zastawiony wjazd do firmy Hydraulik Serwis przez 2 pojazdy.,Zablokowany wyjazd,FIOŁKOWA 40/,0,,2018-02-28 11:23:21
2018-02-28 11:05:00,INT-08708/18,PARKOWANIE ZA b-36 I t-24,NIEPRAWIDŁOWE PARKOWANIE,WIERZBOWA /,200,,2018-02-28 13:24:34
2018-02-28 11:05:00,INT-08708/18,PARKOWANIE ZA b-36 I t-24,NIEPRAWIDŁOWE PARKOWANIE,WIERZBOWA /,100,,2018-02-28 13:24:34
2018-02-28 11:12:51,INT-08672/18,Parkowanie na skrzyżowaniu jadąc do Kutrzeby po lewej stronie na chodniku.Pojazdy zaparkowane na ul.Kutrzeby.,NIEPRAWIDŁOWE PARKOWANIE,DIAMENTOWA /,0,,2018-02-28 11:51:05
2018-02-28 12:35:26,INT-08697/18,"Nasypowa- odZielińskiego do Świdnickiej co dzień na jezdnię wystawiane są w 5 miejscach kosze na śmieci,restauratorzy nielegalnie zajmują miejsca parkingowe, których brakuje.",PORZĄDKOWA,NASYPOWA /,0,,2018-02-28 16:26:36
2018-02-28 12:59:34,INT-08701/18,"Unruga na wys. nr 57 Daewoo Matiz (zielony) zaparkowany na całej szerokości chodnika, brak przejścia dla pieszych ",NIEPRAWIDŁOWE PARKOWANIE,UNRUGA JÓZEFA 57/,0,,2018-02-28 16:13:30
2018-02-28 15:20:00,INT-08881/18,B-36,NIEPRAWIDŁOWE PARKOWANIE,PLAC SOLNY /,MANDAT,100,2018-03-01 08:10:55
2018-02-28 16:00:00,INT-08848/18,WJAZD ZA B1,BEZPIECZEŃSTWO W KOMUNIKACJI,SZEWSKA /,MANDAT,100,2018-02-28 20:38:23
2018-02-28 16:10:00,INT-09168/18,PARKOWANIE POJAZDU NA KOPERCIE DLA OSOBY NIEPEŁNOSPRAWNEJ,NIEPRAWIDŁOWE PARKOWANIE,RUSKA /,MANDAT,500,2018-03-02 16:47:30
2018-02-28 16:15:00,INT-09147/18,niezastosowanie się do B-1,NIEPRAWIDŁOWE PARKOWANIE,SZEWSKA /,0,,2018-03-02 14:50:32
2018-02-28 16:25:00,INT-08802/18,ZO.4042.102.2017.ASprotokół z kontroli ZO.4010.844.2018.AS,PORZĄDKOWA,JASIŃSKIEJ ANNY 3/,MANDAT,500,2018-03-01 09:01:06
2018-02-28 17:30:00,INT-08854/18,HANDEL NA TERENIE PARKU KULTUROWEGO,HANDEL,PRZEJŚCIE WINOGRONOWE /,MANDAT,200,2018-02-28 21:00:36
2018-02-28 20:35:45,INT-08846/18,parkowanie za b36,NIEPRAWIDŁOWE PARKOWANIE,JESIONOWA 76/,0,,2018-02-28 23:46:36
2018-02-28 20:35:45,INT-08846/18,parkowanie za b36,NIEPRAWIDŁOWE PARKOWANIE,JESIONOWA 76/,100,,2018-02-28 23:46:36
2018-02-28 21:10:21,INT-08856/18,parkowanie na postoju TAXI,NIEPRAWIDŁOWE PARKOWANIE,WŁODKOWICA /,0,,2018-03-01 02:55:56
2018-02-28 21:10:21,INT-08856/18,parkowanie na postoju TAXI,NIEPRAWIDŁOWE PARKOWANIE,WŁODKOWICA /,100,,2018-03-01 02:55:56
2018-02-28 21:45:00,INT-09035/18,Parkowanie za B36,NIEPRAWIDŁOWE PARKOWANIE,OFIAR OŚWIĘCIMSKICH /,100,,2018-03-02 06:43:43
2018-03-01 10:31:10,INT-08900/18,parkowanie na P-21,NIEPRAWIDŁOWE PARKOWANIE,WIELKA 26-28/,100,,2018-03-01 11:51:40
2018-03-01 10:35:00,INT-08909/18,Parkowanie na ciągu pieszo - rowerowym znak C-13 C-16,NIEPRAWIDŁOWE PARKOWANIE,WIECZYSTA /,0,,2018-03-01 11:33:44
2018-03-01 11:39:01,INT-08912/18,CZARNY DUSZĄCY DYM Z KOMINAZO.4010.900.2018.AS,PIEC,LUBELSKA 1F/,MANDAT,200,2018-03-07 19:49:26
2018-03-01 14:43:21,INT-08951/18,RUCH POJAZDÓW W MIEJSCU OBOWIAZYWANIAZNAKU ZAKAZU RUCHU W OBU KIERUNKACH NIE DOTYCZY MPK I TAXI,BEZPIECZEŃSTWO W KOMUNIKACJI,SUCHA /,0,,2018-03-01 17:55:07
2018-03-01 14:43:21,INT-08951/18,RUCH POJAZDÓW W MIEJSCU OBOWIAZYWANIAZNAKU ZAKAZU RUCHU W OBU KIERUNKACH NIE DOTYCZY MPK I TAXI,BEZPIECZEŃSTWO W KOMUNIKACJI,SUCHA /,100,,2018-03-01 17:55:07
2018-03-01 15:20:00,INT-09194/18,PARKOWANIE ZA B 36,NIEPRAWIDŁOWE PARKOWANIE,KURZY TARG /,MANDAT,100,2018-03-02 17:48:04
2018-03-01 15:25:00,INT-09152/18,niezastosowanie się do B-1,BEZPIECZEŃSTWO W KOMUNIKACJI,SZEWSKA /,0,,2018-03-02 15:00:43
2018-03-01 15:30:00,INT-09202/18,WJAZD ZA B1,BEZPIECZEŃSTWO W KOMUNIKACJI,SZEWSKA /,MANDAT,50,2018-03-02 18:13:04
2018-03-01 15:40:00,INT-09183/18,PARKOWANIE ZA B-36,NIEPRAWIDŁOWE PARKOWANIE,MARII MAGDALENY /,MANDAT,100,2018-03-02 17:20:40
2018-03-01 15:50:00,INT-09210/18,PARKOWANIE ZA B36,NIEPRAWIDŁOWE PARKOWANIE,RUSKA /,MANDAT,100,2018-03-02 18:39:21
2018-03-01 15:55:00,INT-10792/18,POSTÓJ ZA B-36 T24 ORAZ NA DRODZE DLA ROWERÓW,NIEPRAWIDŁOWE PARKOWANIE,RUSKA /,0,,2018-03-12 10:06:22
2018-03-01 16:10:00,INT-09209/18,BRAK TABLICZKI INFORMUJĄCEJ O SZKODLIWOŚCI SPOŻYWANIA ALKOHOLU,HANDEL,PURKYNIEGO /,MANDAT,300,2018-03-02 18:27:16
2018-03-01 16:15:00,INT-08967/18,parkowanie pojazdu BMW na wysokości Antykwariatu w miejscu zakazu,NIEPRAWIDŁOWE PARKOWANIE,SZEWSKA 64-65/,MANDAT,100,2018-03-01 16:49:00
2018-03-01 16:30:00,INT-09213/18,WJAZD ZA B1,BEZPIECZEŃSTWO W KOMUNIKACJI,SZEWSKA /,MANDAT,100,2018-03-02 18:17:29
2018-03-01 16:50:00,INT-09648/18,odpady w piecu,PIEC,ŚNIEGOCKIEGO 30/,MANDAT,50,2018-03-05 16:58:18
2018-03-01 17:30:00,INT-09187/18,WJAZD ZA B1,BEZPIECZEŃSTWO W KOMUNIKACJI,SZEWSKA /,MANDAT,100,2018-03-02 17:34:41
2018-03-01 17:55:00,INT-09178/18,BRAK TABLICZKI INFORMACYJNEJ O SZKODLIWOŚCI SPOŻYWANIA ALKOHOLU ,HANDEL,RYNEK /,MANDAT,150,2018-03-02 17:06:03
2018-03-01 19:20:00,INT-09200/18,HANDEL NA TERENIE PARKU KULTUROWEGO BEZ ZEZWOLENIA,HANDEL,OŁAWSKA /,MANDAT,100,2018-03-02 18:09:45
2018-03-01 19:30:00,INT-09199/18,HANDEL NA TERENIE PARKU KULTUROWEGO BEZ ZEZWOLENIA,HANDEL,PRZEJŚCIE WINOGRONOWE /,MANDAT,500,2018-03-02 18:05:09
2018-03-01 20:00:00,INT-10783/18,POSTÓJ W STREFIE ZAMIESZKANIA POZA MIEJSCEM WYZNACZONYM,NIEPRAWIDŁOWE PARKOWANIE,SZEWSKA /,0,,2018-03-12 09:57:18
2018-03-02 00:00:00,INT-09162/18,NIESTOSOWANIE SIĘ DO SYGNALIZATORA S-5,BEZPIECZEŃSTWO W KOMUNIKACJI,ŚW.MIKOŁAJA /,MANDAT,100,2018-03-02 16:04:04
2018-03-02 08:22:57,INT-09045/18,Skoda Oktavia zaparkowana na całej szerokości chodnika,NIEPRAWIDŁOWE PARKOWANIE,BOBRZA 12/,0,,2018-03-02 08:53:47
2018-03-02 08:47:19,INT-09050/18,pojazd zaparkowany na kopercie ZZK - ,NIEPRAWIDŁOWE PARKOWANIE,ELŻBIETY 3/,100,,2018-03-02 09:21:27
2018-03-02 09:20:00,INT-09111/18,wjazd za B-1,BEZPIECZEŃSTWO W KOMUNIKACJI,MOSTY MŁYŃSKIE /,100,,2018-03-02 12:36:56
2018-03-02 09:58:47,INT-09077/18,"Wdług, zgłoszenia ul. Zakładowa7-9 Osiedle Promenady Wrocławskie oznakowane strefa ruchu, pojazdy nieprawidłowo zaparkowane na zakazach i drogach przeciwpożarowych.",NIEPRAWIDŁOWE PARKOWANIE,ZAKŁADOWA 7-9/,0,,2018-03-02 12:32:08
2018-03-02 10:20:00,INT-09103/18,parkowanie na przystanku MPK,NIEPRAWIDŁOWE PARKOWANIE,GAJOWA 30/,0,,2018-03-02 11:47:54
2018-03-02 10:53:26,INT-09089/18,"Według zgłoszenia na końcu ul. Wierzyńskiego znajduje się budowa są wielkie hałdy ziemi około 3-4 metry , oraz metalowe pręty i inne śmieci z budowy bawia się tam dziec, ziemia może się osunąć a teren nie jest zabezpieczony.",PORZĄDKOWA,WIERZYŃSKIEGO /,0,,2018-03-13 08:33:58
2018-03-02 10:54:20,INT-09088/18,"przy Stawowej, pojazdy parkują w miejscu B36.",NIEPRAWIDŁOWE PARKOWANIE,BOGUSŁAWSKIEGO /,0,,2018-03-02 12:36:00
2018-03-02 10:54:20,INT-09088/18,"przy Stawowej, pojazdy parkują w miejscu B36.",NIEPRAWIDŁOWE PARKOWANIE,BOGUSŁAWSKIEGO /,100,,2018-03-02 12:36:00
2018-03-02 12:02:45,INT-09104/18,Według zgłoszenia ul. Łukasiewicza postój TAXI pojazdy nieuprawnione.,NIEPRAWIDŁOWE PARKOWANIE,ŁUKASIEWICZA /,100,,2018-03-02 17:41:22
2018-03-02 12:44:41,INT-09115/18,Sa auta zaparkowane nat postoju taxi przy dworcu Swiebodzin. Jest robota.,NIEPRAWIDŁOWE PARKOWANIE,TĘCZOWA /,0,,2018-03-02 16:20:42
2018-03-02 13:38:27,INT-09129/18,Kontrola pieca w zakładzie stolarskimZO.4010.907.2018.AS,PIEC,KSIĘSKA 20 OF/,MANDAT,300,2018-03-05 18:44:19
2018-03-02 13:39:49,INT-09130/18,Przy budowie pojazdy zaparkowane za B-36 + trawnik.Oraz samochody z budowy nanoszą błoto na w/w ulicę.,NIEPRAWIDŁOWE PARKOWANIE,BROSSA /,0,,2018-03-02 14:16:42
2018-03-02 14:12:27,INT-09141/18,Według zgłoszenia 4 pojazdy nieprawidłowo zaparkowane utrudniają przejazd.,NIEPRAWIDŁOWE PARKOWANIE,PSIE BUDY /,MANDAT,100,2018-03-02 15:58:36
2018-03-02 15:12:00,INT-09151/18,"Według zgłoszenia nieprawidłowo zaparkowane pojazdy po obu stronach utrudniają przejazd ulicą,( zakaz do 15 minut).",NIEPRAWIDŁOWE PARKOWANIE,MENNICZA /,100,,2018-03-02 19:47:55
2018-03-02 15:31:11,INT-09155/18,Według zgłoszenia ul. Wieczysta przy Placu Zamenhofa Miasteczko Ruchu Drogowego pojazdy zaparkowane na ścieżce dla rowerów.,NIEPRAWIDŁOWE PARKOWANIE,WIECZYSTA /,0,,2018-03-02 17:04:22
2018-03-02 15:45:00,INT-09649/18,odpady w piecu,PIEC,HUBSKA 44/,MANDAT,50,2018-03-05 17:05:06
2018-03-02 15:49:21,INT-09159/18,Na przejściu dla pieszych zaparkowany Fiat Brawa DLE w taki sposób że kierowcy MPK zmuszeni są do najazdu na wysepkę dla pieszych.,NIEPRAWIDŁOWE PARKOWANIE,INŻYNIERSKA 28-30/,0,,2018-03-02 16:44:50
2018-03-02 16:45:00,INT-09531/18,wjazd za B1,BEZPIECZEŃSTWO W KOMUNIKACJI,RYNEK /,MANDAT,50,2018-03-05 09:16:28
2018-03-02 16:55:11,INT-09175/18,Postój TAXI pojazdy nie uprawnione.,NIEPRAWIDŁOWE PARKOWANIE,GWARNA /,0,,2018-03-02 18:38:04
2018-03-02 16:58:05,INT-09176/18,a Gajowicka na wysokości Jednostki Wojskowej zaparkowany pojazd osobowy - Peugeot ,NIEPRAWIDŁOWE PARKOWANIE,HALLERA /,0,,2018-03-02 17:46:33
2018-03-02 17:40:00,INT-09222/18,zauważono mężczyznę spożywającego alkohol w miejscu nie wyznaczonym ,SPOŻYWANIE ALKOHOLU,RYCHTALSKA /,MANDAT,100,2018-03-02 19:15:02
2018-03-02 18:45:00,INT-09240/18,nośnik reklamowy przed lokalem niezgodny z uchwałą,PLAKATY (REKLAMY),ŚWIDNICKA /,MANDAT,100,2018-03-02 20:28:02
2018-03-02 19:14:10,INT-09224/18,PARKOWANIE ZA D-40,BLOKADA,MENNICZA /,100,,2018-03-02 19:14:17
2018-03-02 19:16:46,INT-09227/18,parkowanie za b-36,BLOKADA,KAZIMIERZA WIELKIEGO /,100,,2018-03-02 19:16:53
2018-03-02 20:00:00,INT-09538/18,HANDEL NA TERENIE PARKU KULTUROWEGO BEZ ZEZWOLENIA,HANDEL,PRZEJŚCIE WINOGRONOWE /,MANDAT,300,2018-03-05 09:48:14
2018-03-02 23:45:00,INT-09509/18,Parkowanie za B36 i na postoju TAXI,NIEPRAWIDŁOWE PARKOWANIE,WŁODKOWICA /,0,,2018-03-05 06:02:48
2018-03-02 23:45:00,INT-09509/18,Parkowanie za B36 i na postoju TAXI,NIEPRAWIDŁOWE PARKOWANIE,WŁODKOWICA /,100,,2018-03-05 06:02:48
2018-03-03 08:13:52,INT-09260/18,pojazdyzaparkowane za B-36,NIEPRAWIDŁOWE PARKOWANIE,KOTLARSKA 40/,100,,2018-03-03 12:32:47
2018-03-03 11:17:39,INT-09285/18,na odcinku od pl. dominikańskiego koperty dla pojazdów elektrycznych zajęte przez inne pojazdy,NIEPRAWIDŁOWE PARKOWANIE,OFIAR OŚWIĘCIMSKICH /,0,,2018-03-03 12:59:36
2018-03-03 11:42:54,INT-09290/18,nieprawjdłowe parkowanie pojazdów za znakiem B - 36,NIEPRAWIDŁOWE PARKOWANIE,WŁODKOWICA /,100,,2018-03-03 13:34:14
2018-03-03 11:55:04,INT-09561/18,Parkowanie za B36,NIEPRAWIDŁOWE PARKOWANIE,KAZIMIERZA WIELKIEGO /,100,,2018-03-05 11:55:33
2018-03-03 13:30:00,INT-09435/18,W DNIU 03.03.2018R PODCZAS KONTROLI REJONU ZAUWAŻONO JAK POJAZD MARKI GOLF DW 431YR WJECHAŁ ZA ZNAK B-1,NIEPRAWIDŁOWE PARKOWANIE,KURZY TARG /,MANDAT,50,2018-03-04 12:14:05
2018-03-03 14:27:41,INT-09321/18,za b36 zaparkowane 2 pojazdy blokują przejazd ( zgłaszający na miejscu),Zablokowany wyjazd,PSIE BUDY /,100,,2018-03-03 15:53:24
2018-03-03 14:50:00,INT-09484/18,W DNIU 03.03.2018R O GODZ.14.50 ZAUWAŻONO 2 POJAZDY PARKUJĄCE NA KOPERCIE DLA MIEJSKICH POJAZDÓW ELEKTRONICZNYCH,NIEPRAWIDŁOWE PARKOWANIE,PL.SOLNY /,100,,2018-03-04 19:22:30
2018-03-03 17:36:33,INT-09356/18,NA POSTOJU TAXI POJAZDY BEZ UPRAWNIEŃ,NIEPRAWIDŁOWE PARKOWANIE,WŁODKOWICA /,0,,2018-03-04 00:13:57
2018-03-03 17:36:33,INT-09356/18,NA POSTOJU TAXI POJAZDY BEZ UPRAWNIEŃ,NIEPRAWIDŁOWE PARKOWANIE,WŁODKOWICA /,100,,2018-03-04 00:13:57
2018-03-03 17:45:00,INT-09436/18,Kontrola wjazdu do Rynku,BEZPIECZEŃSTWO W KOMUNIKACJI,KURZY TARG /,MANDAT,100,2018-03-04 12:20:45
2018-03-03 18:27:02,INT-09367/18,"nieprawidłowo zaparkowany pojazd wystający na jezdnię ok.1m, przy przejściu dla pieszych - jadąc od strony ul. Bajana przy wjeździe do hali targowej Tęcza",NIEPRAWIDŁOWE PARKOWANIE,SZYBOWCOWA /,0,,2018-03-03 21:58:44
2018-03-03 18:45:00,INT-09437/18,W DNIU 03.03.2018R ZAUWAZONO JAK POJAZD TAXI NIE ZASTOSOWAŁ SIĘ DO ZNAKU B-1 I  WJECHAŁ POD SUKIENNICE ,NIEPRAWIDŁOWE PARKOWANIE,RYNEK RATUSZ /,MANDAT,300,2018-03-04 12:22:23
2018-03-03 19:23:24,INT-09370/18,nieprawidłowo zaparkowane pojazdy w strefie zamieszkania poza miejscami wyznaczonymi,NIEPRAWIDŁOWE PARKOWANIE,WOJACZKA 19/,0,,2018-03-04 00:21:24
2018-03-03 19:35:00,INT-09371/18,pojazd za d-40 w miejscu niewyznaczonym,NIEPRAWIDŁOWE PARKOWANIE,STRZEGOMSKA 3B-3C/,100,,2018-03-03 21:51:15
2018-03-03 20:23:31,INT-09491/18,BLOKADA,KAZIMIERZA WIELKIEGO /,100,2018-03-04 20:23:36,391,2018-03-03 21:42:11
2018-03-03 22:01:04,INT-09386/18,Postój TAXI pojazdy nie uprawnione - VW Polo.,NIEPRAWIDŁOWE PARKOWANIE,NANKIERA /,0,,2018-03-04 03:36:35
2018-03-03 22:01:24,INT-09385/18,na głównej drodze dojazdowej parkuje 7 pojazdów w miejscu zakazu.,NIEPRAWIDŁOWE PARKOWANIE,NYSKA 50/,0,,2018-03-04 04:26:21
2018-03-03 22:01:24,INT-09385/18,na głównej drodze dojazdowej parkuje 7 pojazdów w miejscu zakazu.,NIEPRAWIDŁOWE PARKOWANIE,NYSKA 50/,100,,2018-03-04 04:26:21
2018-03-04 05:52:14,INT-09404/18,przy nr 32-36 kontrola parkowania pojazdów - założono 1 blokadęprzy nr 41 załozono 1 blokadę ,NIEPRAWIDŁOWE PARKOWANIE,KAZIMIERZA WIELKIEGO /,100,,2018-03-04 05:53:53
2018-03-04 08:35:00,INT-09907/18,spożywanie alkoholu na ulicy,SPOŻYWANIE ALKOHOLU,KURZY TARG /,MANDAT,100,2018-03-06 19:58:48
2018-03-04 09:13:59,INT-09407/18,pojazdy parkują na p-21,NIEPRAWIDŁOWE PARKOWANIE,WIELKA 26-28/,100,,2018-03-04 11:56:57
2018-03-04 10:53:24,INT-09420/18,"Buczacka od Rakietowej- po prawej stronie- pojazdy za znakiem B-36(od 8:00 do 19:00), oraz na wyjeździe z parkingu podziemnego stoi biały bus utrudnia wyjazd.",NIEPRAWIDŁOWE PARKOWANIE,BUCZACKA /,0,,2018-03-04 16:10:56
2018-03-04 12:01:50,INT-09431/18,3 pojazdy w strefie zamieszkania D-40 poza miejscami wyznaczonymi.,NIEPRAWIDŁOWE PARKOWANIE,PRĄDZYŃSKIEGO 59-61/,0,,2018-03-04 13:04:22
2018-03-04 12:55:00,INT-09742/18,Parkowanie za B36,NIEPRAWIDŁOWE PARKOWANIE,WŁODKOWICA /,100,,2018-03-06 06:44:20
2018-03-04 13:38:14,INT-09450/18,pojazd parkuje na całej szerokości chodnika   ,BEZPIECZEŃSTWO W KOMUNIKACJI,SKARBOWCÓW 75/,0,,2018-03-04 14:51:13
2018-03-04 14:03:26,INT-09453/18,pojazdy parkują za b-36,NIEPRAWIDŁOWE PARKOWANIE,WROŃSKIEGO 14/,100,,2018-03-04 18:40:37
2018-03-04 15:00:00,INT-09486/18,Kontrola z uwagą na art 112,HANDEL,RYNEK /,MANDAT,100,2018-03-04 19:23:37
2018-03-04 17:30:00,INT-09487/18,Kontrola parkowania na kopertach dla osób niepełnosprawnych,NIEPRAWIDŁOWE PARKOWANIE,ŁACIARSKA /,MANDAT,500,2018-03-04 19:25:16
2018-03-04 18:02:43,INT-09476/18,włodkowica a krupnicza pojazdy parkują za b-36,NIEPRAWIDŁOWE PARKOWANIE,WŁODKOWICA /,0,,2018-03-04 22:21:23
2018-03-04 18:45:00,INT-09590/18,"W DNIU 04.03.2018R PODCZAS KONTROLI ZAUWAZONO POJAZD, KTÓRY WJECHAŁ ZA B-1 NA MIEJSCU ZASTANO KIEROWCĘ, KTÓREGO UKARANO ",NIEPRAWIDŁOWE PARKOWANIE,KURZY TARG /,MANDAT,100,2018-03-05 14:23:26
2018-03-04 21:23:54,INT-09496/18,na odcinku od pl. solnego do ul. świdnickiej pojazdy parkują za b36,NIEPRAWIDŁOWE PARKOWANIE,OFIAR OŚWIĘCIMSKICH /,100,,2018-03-04 23:14:20
2018-03-04 22:05:19,INT-09502/18,utrudnienie ruchu przez zaparkowane 2 pojazdy Peugeot  ,NIEPRAWIDŁOWE PARKOWANIE,WOJACZKA 9/,0,,2018-03-04 23:47:43
2018-03-05 02:07:23,INT-09504/18,pojazd za D-40 w miejscu innym niż wyznaczone  o rejestracji Na skrzyżowaniu z Makuszyńskiego zaparkowane pojazdy,NIEPRAWIDŁOWE PARKOWANIE,CHRZANOWSKIEGO 7-9/,0,,2018-03-05 04:12:13
2018-03-05 07:31:42,INT-09516/18,parkowanie za b36 + trawnik,NIEPRAWIDŁOWE PARKOWANIE,BROSSA /,0,,2018-03-05 11:43:03
2018-03-05 07:31:42,INT-09516/18,parkowanie za b36 + trawnik,NIEPRAWIDŁOWE PARKOWANIE,BROSSA /,100,,2018-03-05 11:43:03
2018-03-05 08:45:00,INT-09785/18,Wjazd zaB1,BEZPIECZEŃSTWO W KOMUNIKACJI,SUCHA /,100,,2018-03-06 10:49:55
2018-03-05 09:10:00,INT-10113/18,kontrola parkowania za B-36 ,NIEPRAWIDŁOWE PARKOWANIE,SZEWSKA /,MANDAT,100,2018-03-07 18:39:54
2018-03-05 09:34:19,INT-09533/18,parkowanie na P-21,NIEPRAWIDŁOWE PARKOWANIE,WIELKA 26-28/,0,,2018-03-05 10:58:11
2018-03-05 09:34:19,INT-09533/18,parkowanie na P-21,NIEPRAWIDŁOWE PARKOWANIE,WIELKA 26-28/,100,,2018-03-05 10:58:11
2018-03-05 10:20:00,INT-09595/18,Parkowanie w odległości mniejszej niż 10 m od przejścia dla pieszych,NIEPRAWIDŁOWE PARKOWANIE,GRUNWALDZKA 46/48/,0,,2018-03-05 14:27:30
2018-03-05 10:35:00,INT-09646/18,odpady w piecu,PIEC,JEMEŃSKA /,MANDAT,200,2018-03-05 16:51:14
2018-03-05 11:05:00,INT-09641/18,handel,HANDEL,SKARBOWCÓW /,MANDAT,50,2018-03-05 16:40:46
2018-03-05 11:08:30,INT-09556/18,parkowanie pojazdów na B-36,NIEPRAWIDŁOWE PARKOWANIE,NABYCIŃSKA /,100,,2018-03-05 14:17:30
2018-03-05 11:25:00,INT-09658/18,znak B35 do 15min w godz. 7-17,NIEPRAWIDŁOWE PARKOWANIE,SKARBOWCÓW /,MANDAT,100,2018-03-05 17:29:41
2018-03-05 11:40:00,INT-09703/18,niezstosowanie się do anku B-1,BEZPIECZEŃSTWO W KOMUNIKACJI,KRZYWOUSTEGO /,MANDAT,100,2018-03-05 19:30:52
2018-03-05 11:45:00,INT-10112/18,dopuszczenie do wypadania gruzu,PORZĄDKOWA,ŚW. ANTONIEGO /,MANDAT,200,2018-03-07 18:25:53
2018-03-05 12:00:00,INT-09654/18,handel,HANDEL,JEMIOŁOWA /,MANDAT,50,2018-03-05 17:11:36
2018-03-05 12:15:00,INT-09638/18,palenie na przystanku mpk,PALENIE TYTONIU W MIEJSCACH  ZABRONIONYCH,HERMANOWSKA /,MANDAT,50,2018-03-05 16:33:58
2018-03-05 12:30:00,INT-09643/18,Handel,HANDEL,PLAC LEGIONÓW /,MANDAT,50,2018-03-05 16:44:31
2018-03-05 14:54:03,INT-09603/18,"parkowanie pojazdów za B-36, brak 1,5 m przejścia na chodniku",NIEPRAWIDŁOWE PARKOWANIE,SIKORSKIEGO /,0,,2018-03-05 16:19:40
2018-03-05 14:54:03,INT-09603/18,"parkowanie pojazdów za B-36, brak 1,5 m przejścia na chodniku",NIEPRAWIDŁOWE PARKOWANIE,SIKORSKIEGO /,100,,2018-03-05 16:19:40
2018-03-05 15:05:00,INT-09613/18,Parkowanie za B-36,BLOKADA,KOMANDORSKA /,100,,2018-03-05 15:36:03
2018-03-05 15:58:28,INT-09618/18,Parkowanie pojazdu Peugeot LPU (dostawczy ) na zakazie B-36 w części wjazdu do garażu (podziemnego) utrudniając ruch szczególnie gdy  po przeciwnej stronie ulicy stoją pojazdy.,NIEPRAWIDŁOWE PARKOWANIE,BUCZACKA /,0,,2018-03-05 19:16:10
2018-03-05 16:09:46,INT-09621/18,parkowanie pojazdów za B-36,NIEPRAWIDŁOWE PARKOWANIE,WŁODKOWICA /,100,,2018-03-05 16:14:16
2018-03-05 16:30:00,INT-09663/18,ZO.4042.102.2017.ASprotokół z kontroli ZO.4010.915.2018.AS,PORZĄDKOWA,JERZMANOWSKA 131A/,MANDAT,0,2018-03-05 19:47:11
2018-03-05 17:20:00,INT-09696/18,W DNIU PODCZAS KONTROLI REJONU ZAUWAZONO POTYKACZ PRZED SKLEPEM Z DYWANAMI,PORZĄDKOWA,STAWOWA 16/,MANDAT,100,2018-03-05 19:05:40
2018-03-05 17:23:26,INT-09659/18,ZO.4042.102.2017.ASPismo WŚiR w sprawie zanieczyszczonego rowu melioracyjnego.PROTOKÓŁ Z KONTROLI ZO.4010.994.2018.AS,PORZĄDKOWA,JERZMANOWSKA 129/,MANDAT,500,2018-03-07 17:08:46
2018-03-05 18:08:13,INT-09673/18,ZO.4042.102.2017.ASprotokół z kontroli ZO.4010.911.2018.AS,PORZĄDKOWA,JERZMANOWSKA 127A/,MANDAT,0,2018-03-09 18:44:19
2018-03-05 18:21:09,INT-09683/18,pojazd parkuje za znakiem zakazu zatrzymywania się na chodniku,NIEPRAWIDŁOWE PARKOWANIE,JESIONOWA 54/,0,,2018-03-05 22:06:05
2018-03-05 18:21:53,INT-09684/18,parkowanie pojazdów za B-36,NIEPRAWIDŁOWE PARKOWANIE,CZOCHRALSKIEGO /,100,,2018-03-06 00:48:00
2018-03-05 18:51:33,INT-09694/18,Ognisko na ROD,"WYPALANIE, OGNISKO",CHEŁMOŃSKIEGO JÓZEFA /,MANDAT,200,2018-03-05 18:51:45
2018-03-05 19:04:03,INT-09700/18,reklama w pasie drogowym,PORZĄDKOWA,PLAC BISKUPA NANKIERA 17A/,MANDAT,200,2018-03-05 19:17:18
2018-03-05 19:06:31,INT-09698/18,parkowanie poj. Audi na kopercie przeznaczonej dla osoby niepełnosprawnej bez uprawnień Godz 21:15 ponowne zgłoszenie ,NIEPRAWIDŁOWE PARKOWANIE,NYSKA 58/,500,,2018-03-06 00:34:59
2018-03-05 20:36:32,INT-09715/18,Parkowanie w D-40 poza miejscami wyznaczonymi.,NIEPRAWIDŁOWE PARKOWANIE,PRĄDZYŃSKIEGO 47/,0,,2018-03-05 22:34:05
2018-03-05 21:35:00,INT-09732/18,parkowanie za b-36 i na postoju TAXI bez uprawnień,BLOKADA,WŁODKOWICA /,100,,2018-03-06 03:51:44
2018-03-05 21:50:00,INT-09734/18,parkowanie za B-36,BLOKADA,LEGNICKA /,100,,2018-03-06 04:22:11
2018-03-05 23:11:19,INT-09725/18,Pojazdy zaparkowane na kopertach dla inwalidy,NIEPRAWIDŁOWE PARKOWANIE,ZAKŁADOWA 9 N/,0,,2018-03-05 23:53:25
2018-03-05 23:45:00,INT-09733/18,parkowanie w strefie zamieszkania poza miejscami wyznaczonymi do parkowania,BLOKADA,STRZEGOMSKA /,100,,2018-03-06 04:13:48
2018-03-05 23:45:00,INT-09733/18,parkowanie w strefie zamieszkania poza miejscami wyznaczonymi do parkowania,BLOKADA,STRZEGOMSKA /,0,,2018-03-06 04:13:48
